NAME,DATE_OPENED,the_geom,LINE,NOTES,coordinates,LATITUDE,LONGITUDE,ELEVATION
Astor Pl,10/27/1904,POINT (-73.99106999861966 40.73005400028978),4-6-6 Express,"4 nights, 6-all times, 6 Express-weekdays AM southbound, PM northbound",-73.99106999861966 40.73005400028978,40.73005400028978,-73.99106999861965,40.73005400028978
Canal St,10/27/1904,POINT (-74.00019299927328 40.71880300107709),4-6-6 Express,"4 nights, 6-all times, 6 Express-weekdays AM southbound, PM northbound",-74.00019299927328 40.71880300107709,40.71880300107709,-74.00019299927328,40.71880300107709
50th St,10/27/1904,POINT (-73.98384899986625 40.76172799961419),1-2,"1-all times, 2-nights",-73.98384899986625 40.76172799961419,40.76172799961419,-73.98384899986625,40.76172799961419
Bergen St,10/10/1920,POINT (-73.97499915116808 40.68086213682956),2-3-4,"4-nights, 3-all other times, 2-all times",-73.97499915116808 40.68086213682956,40.68086213682956,-73.97499915116808,40.68086213682956
Pennsylvania Ave,12/24/1920,POINT (-73.89488591154061 40.66471445143568),3-4,"4-nights, 3-all other times",-73.89488591154061 40.66471445143568,40.66471445143568,-73.89488591154061,40.66471445143568
238th St,08/01/1908,POINT (-73.90087000018522 40.88466700064975),1,"1-all times, exit only northbound",-73.90087000018522 40.88466700064975,40.88466700064975,-73.90087000018522,40.88466700064975
Cathedral Pkwy (110th St),09/10/1932,POINT (-73.95806670661364 40.800581558114956),A-B-C,"A-nights, B-weekdays and evenings, C-all times exc nights",-73.95806670661364 40.800581558114956,40.80058155811496,-73.95806670661364,40.80058155811496
Kingston - Throop Aves,04/09/1936,POINT (-73.94085899871263 40.67991899941601),A-C,"A-nights, C-all other times",-73.94085899871263 40.67991899941601,40.67991899941601,-73.94085899871263,40.67991899941601
65th St,08/19/1933,POINT (-73.8987883783301 40.74971952935675),E-M-R,"E-nights, R-all other times, M-weekdays and evenings",-73.8987883783301 40.74971952935675,40.74971952935675,-73.8987883783301,40.74971952935675
36th St,08/19/1933,POINT (-73.92901818461539 40.75196004401078),E-M-R,"E-nights, R-all other times, M-weekdays and evenings",-73.92901818461539 40.75196004401078,40.75196004401078,-73.92901818461539,40.75196004401078
Delancey St - Essex St,09/16/1908,POINT (-73.98740940202974 40.71830605618619),J-M-Z,"J-all times, M-all times exc nights, Z-rush hours AM westbound, PM eastbound",-73.98740940202974 40.71830605618619,40.71830605618619,-73.98740940202974,40.71830605618619
Van Siclen Ave,12/03/1885,POINT (-73.89165772702445 40.67802821447783),J-Z,"Z-rush hours AM westbound, PM eastbound, J-all other times",-73.89165772702445 40.67802821447783,40.67802821447783,-73.89165772702445,40.67802821447783
Norwood Ave,06/30/1893,POINT (-73.87962599910783 40.68152000045683),J-Z,"Z-rush hours AM westbound, PM eastbound, J-all other times",-73.87962599910783 40.68152000045683,40.68152000045683,-73.87962599910783,40.68152000045683
104th-102nd Sts,05/28/1917,POINT (-73.84443500029684 40.69516599823373),J-Z,"Z-rush hours AM westbound, PM eastbound, J-all other times",-73.84443500029684 40.69516599823373,40.695165998233726,-73.84443500029684,40.695165998233726
DeKalb Ave,06/22/1915,POINT (-73.98177094440949 40.690648119969794),B-D-N-Q-R,"B-weekdays and evenings, D-all other times, N-nights, R-all other times, Q-all times",-73.98177094440949 40.690648119969794,40.69064811996979,-73.98177094440949,40.69064811996979
Beach 105th St,06/28/1956,POINT (-73.82758075034528 40.58326843810286),A-S,"A-rush hours AM northbound, PM southbound, S Broad Channel to Rockaway Park-all times",-73.82758075034528 40.58326843810286,40.58326843810286,-73.82758075034528,40.58326843810286
Beach 90th St,06/28/1956,POINT (-73.81365140419632 40.58809156457325),A-S,"A-rush hours AM northbound, PM southbound, S Broad Channel to Rockaway Park-all times",-73.81365140419632 40.58809156457325,40.58809156457325,-73.8136514041963,40.58809156457325
Freeman St,11/26/1904,POINT (-73.89175225349464 40.829987446384116),2-5,"2-all times, 5-all times exc nights, skips rush hours AM southbound, PM northbound",-73.89175225349464 40.829987446384116,40.829987446384116,-73.89175225349464,40.829987446384116
Intervale Ave,04/30/1910,POINT (-73.89661738461646 40.822142131170786),2-5,"2-all times, 5-all times exc nights, skips rush hours AM southbound, PM northbound",-73.89661738461646 40.822142131170786,40.822142131170786,-73.89661738461645,40.822142131170786
182nd-183rd Sts,07/01/1933,POINT (-73.90074099998965 40.85609299881864),B-D,"B-rush hours, D-all times, skips rush hours AM southbound, PM northbound",-73.90074099998965 40.85609299881864,40.85609299881864,-73.90074099998965,40.85609299881864
174th-175th Sts,07/01/1933,POINT (-73.91013600050078 40.84589999983414),B-D,"B-rush hours, D-all times, skips rush hours AM southbound, PM northbound",-73.91013600050078 40.84589999983414,40.84589999983414,-73.91013600050078,40.84589999983414
167th St,07/01/1933,POINT (-73.91843200082253 40.83376899862797),B-D,"B-rush hours, D-all times, skips rush hours AM southbound, PM northbound",-73.91843200082253 40.83376899862797,40.83376899862797,-73.91843200082253,40.83376899862797
Mets - Willets Point,05/14/1927,POINT (-73.8456249984179 40.75462199881262),7-7 Express,"7-all times, 7 Express-rush hours AM westbound, PM eastbound",-73.8456249984179 40.75462199881262,40.75462199881262,-73.8456249984179,40.75462199881262
Junction Blvd,04/21/1917,POINT (-73.86952700103515 40.74914499948836),7-7 Express,"7-all times, 7 Express-rush hours AM westbound, PM eastbound",-73.86952700103515 40.74914499948836,40.74914499948836,-73.86952700103515,40.74914499948836
Flushing - Main St,01/21/1928,POINT (-73.83003000262508 40.75959999915012),7-7 Express,"7-all times, 7 Express-rush hours AM westbound, PM eastbound",-73.83003000262508 40.75959999915012,40.75959999915012,-73.83003000262508,40.75959999915012
Buhre Ave,12/20/1920,POINT (-73.83256900003744 40.846809998885504),6-6 Express,"6 Express-weekdays AM southbound, PM northbound, 6-all other times",-73.83256900003744 40.846809998885504,40.846809998885504,-73.83256900003744,40.846809998885504
3rd Ave - 138th St,08/01/1918,POINT (-73.92613800014134 40.81047600117261),6-6 Express,"6-all times, 6 Express-weekdays AM southbound, PM northbound",-73.92613800014134 40.81047600117261,40.81047600117261,-73.92613800014135,40.81047600117261
Castle Hill Ave,10/24/1920,POINT (-73.85122199961472 40.83425499825462),6-6 Express,"6 Express-weekdays AM southbound, PM northbound, 6-all other times",-73.85122199961472 40.83425499825462,40.83425499825462,-73.85122199961472,40.83425499825462
Brooklyn Bridge - City Hall,10/27/1904,POINT (-74.0041310005885 40.713064999433136),4-5-6-6 Express,"4,6-all times, 5-all times exc nights, 6 Express-weekdays AM southbound, PM northbound",-74.0041310005885 40.713064999433136,40.71306499943313,-74.0041310005885,40.71306499943313
Zerega Ave,10/24/1920,POINT (-73.8470359987544 40.836488000608156),6-6 Express,"6 Express-weekdays AM southbound, PM northbound, 6-all other times",-73.8470359987544 40.836488000608156,40.836488000608156,-73.84703599875441,40.836488000608156
Grand Central - 42nd St,07/17/1918,POINT (-73.9767132992584 40.75180742981634),4-5-6-6 Express,"4,6-all times, 5-all times exc nights, 6 Express-weekdays AM southbound, PM northbound",-73.9767132992584 40.75180742981634,40.75180742981634,-73.9767132992584,40.75180742981634
33rd St,10/27/1904,POINT (-73.98207600148947 40.74608099909145),4-6-6 Express,"4 nights, 6-all times, 6 Express-weekdays AM southbound, PM northbound",-73.98207600148947 40.74608099909145,40.746080999091454,-73.98207600148947,40.746080999091454
96th St,07/17/1918,POINT (-73.9510700015425 40.78567199998607),4-6-6 Express,"4 nights, 6-all times, 6 Express-weekdays AM southbound, PM northbound",-73.9510700015425 40.78567199998607,40.78567199998607,-73.9510700015425,40.78567199998607
77th St,07/17/1918,POINT (-73.95987399886047 40.77362000074615),4-6-6 Express,"4 nights, 6-all times, 6 Express-weekdays AM southbound, PM northbound",-73.95987399886047 40.77362000074615,40.77362000074615,-73.95987399886046,40.77362000074615
Chauncey St,12/21/1916,POINT (-73.91038357033376 40.68285130087804),J-Z,"Z-rush hours AM westbound, PM eastbound, J-all other times",-73.91038357033376 40.68285130087804,40.68285130087804,-73.91038357033376,40.68285130087804
Union St,06/22/1915,POINT (-73.98310999909673 40.67731566735096),D-N-R,"D,N-nights, R-all other times",-73.98310999909673 40.67731566735096,40.67731566735096,-73.98310999909674,40.67731566735096
Elmhurst Ave,12/31/1936,POINT (-73.8820347465864 40.74237007972169),E-M-R,"E-nights, R-all other times, M-weekdays and evenings",-73.8820347465864 40.74237007972169,40.74237007972169,-73.88203474658641,40.74237007972169
Ralph Ave,04/09/1936,POINT (-73.92078599933306 40.678822000873375),A-C,"A-nights, C-all other times",-73.92078599933306 40.678822000873375,40.678822000873375,-73.92078599933306,40.678822000873375
Pelham Pkwy,03/03/1917,POINT (-73.86748067850041 40.8571924091606),2-5,"2-all times, 5-rush hours AM southbound, PM northbound",-73.86748067850041 40.8571924091606,40.8571924091606,-73.8674806785004,40.8571924091606
Gun Hill Rd,03/03/1917,POINT (-73.86613410538703 40.877839385172024),2-5,"2-all times, 5-rush hours AM southbound, PM northbound",-73.86613410538703 40.877839385172024,40.87783938517202,-73.86613410538703,40.87783938517202
Nereid Ave (238 St),03/03/1917,POINT (-73.8543153107622 40.898286515575286),2-5,"2-all times, 5-rush hours AM southbound, PM northbound",-73.8543153107622 40.898286515575286,40.89828651557529,-73.8543153107622,40.89828651557529
Franklin Ave,08/23/1920,POINT (-73.9580997367769 40.67076515344894),2-3-4-5,"2,4-all times, 3-all times exc nights, 5-weekdays",-73.9580997367769 40.67076515344894,40.67076515344894,-73.9580997367769,40.67076515344894
Simpson St,11/26/1904,POINT (-73.89306639507903 40.823976841237396),2-5,"2-all times, 5-all times exc nights, skips rush hours AM southbound, PM northbound",-73.89306639507903 40.823976841237396,40.823976841237396,-73.89306639507903,40.823976841237396
Bronx Park East,03/03/1917,POINT (-73.86835609178098 40.848768666338934),2-5,"2-all times, 5-rush hours AM southbound, PM northbound",-73.86835609178098 40.848768666338934,40.84876866633893,-73.86835609178098,40.84876866633893
Winthrop St,08/23/1920,POINT (-73.95007934590994 40.65665931376077),2-5,"2-all times, 5-weekdays",-73.95007934590994 40.65665931376077,40.65665931376077,-73.95007934590994,40.65665931376077
Van Siclen Ave,10/16/1922,POINT (-73.88940491730106 40.665517963059635),3-4,"4-nights, 3-all other times",-73.88940491730106 40.665517963059635,40.66551796305964,-73.88940491730106,40.66551796305964
149th St - Grand Concourse,06/02/1917,POINT (-73.9273847542618 40.81830344372315),4,4-all times,-73.9273847542618 40.81830344372315,40.81830344372315,-73.9273847542618,40.81830344372315
161st St - Yankee Stadium,06/02/1917,POINT (-73.92569199505733 40.82823032742169),4,4-all times,-73.92569199505733 40.82823032742169,40.828230327421686,-73.92569199505732,40.828230327421686
Lexington Ave - 59th St,07/17/1918,POINT (-73.9679670004732 40.762526000304575),4-5-6-6 Express,"4,6-all times, 5-all times exc nights, 6 Express-weekdays AM southbound, PM northbound",-73.9679670004732 40.762526000304575,40.76252600030458,-73.96796700047321,40.76252600030458
E 149th St,01/08/1919,POINT (-73.90409799875945 40.81211799827203),6,6-all times,-73.90409799875945 40.81211799827203,40.81211799827203,-73.90409799875945,40.81211799827203
Morrison Av - Soundview,05/30/1920,POINT (-73.87451599929486 40.82952100156747),6,6-all times,-73.87451599929486 40.82952100156747,40.82952100156747,-73.87451599929486,40.82952100156747
Whitlock Ave,05/30/1920,POINT (-73.8862829985325 40.82652500055904),6,6-all times,-73.8862829985325 40.82652500055904,40.82652500055904,-73.8862829985325,40.82652500055904
St Lawrence Ave,05/30/1920,POINT (-73.86761799923673 40.8315090005233),6,6-all times,-73.86761799923673 40.8315090005233,40.8315090005233,-73.86761799923674,40.8315090005233
Woodside - 61st St,04/21/1917,POINT (-73.90298400173006 40.745630001138395),7-7 Express,"7-all times, 7 Express-rush hours AM westbound, PM eastbound",-73.90298400173006 40.745630001138395,40.745630001138395,-73.90298400173006,40.745630001138395
Far Rockaway - Mott Ave,01/16/1958,POINT (-73.75540499924732 40.603995001687544),A,A-all times,-73.75540499924732 40.603995001687544,40.60399500168753,-73.75540499924732,40.60399500168753
72nd St,09/10/1932,POINT (-73.976336575218 40.77551939729258),A-B-C,"A-nights, B-weekdays and evenings, C-all times exc nights",-73.976336575218 40.77551939729258,40.77551939729258,-73.976336575218,40.77551939729258
96th St,09/10/1932,POINT (-73.96460245687166 40.79161879767014),A-B-C,"A-nights, B-weekdays and evenings, C-all times exc nights",-73.96460245687166 40.79161879767014,40.79161879767014,-73.96460245687165,40.79161879767014
168th St,09/10/1932,POINT (-73.93956099985425 40.84071899990795),A-C,"A-all times, C-all times exc nights",-73.93956099985425 40.84071899990795,40.84071899990795,-73.93956099985425,40.84071899990795
Kingsbridge Rd,07/01/1933,POINT (-73.8935090000331 40.86697799999945),B-D,"B-rush hours, D-all times",-73.8935090000331 40.86697799999945,40.86697799999945,-73.89350900003309,40.86697799999945
42nd St - Bryant Pk,12/15/1940,POINT (-73.98459099904711 40.754184001312545),B-D-F-M,"B,M-weekdays and evenings, D,F-all times",-73.98459099904711 40.754184001312545,40.754184001312545,-73.98459099904711,40.754184001312545
Prospect Park,09/26/1919,POINT (-73.96203130426609 40.6616334551018),B-Q-S,"B-weekdays and evenings, Q,S to Franklin Av-Fulton St-all times",-73.96203130426609 40.6616334551018,40.66163345510179,-73.96203130426609,40.66163345510179
55th St,06/24/1916,POINT (-73.99534882595742 40.63147876093745),D,D-all times,-73.99534882595742 40.63147876093745,40.631478760937455,-73.99534882595742,40.631478760937455
Jamaica - Van Wyck,12/11/1988,POINT (-73.81701287135405 40.70289855287313),E,E-all times,-73.81701287135405 40.70289855287313,40.70289855287314,-73.81701287135405,40.70289855287314
Kew Gardens - Union Tpke,12/31/1936,POINT (-73.8303702709878 40.714034819571026),E-F,"E,F-all times",-73.8303702709878 40.714034819571026,40.71403481957103,-73.8303702709878,40.71403481957103
Sutphin Blvd - Archer Av,12/11/1988,POINT (-73.80800471963833 40.700382424235),E-J-Z,"E,J-all times, Z-rush hours AM westbound, PM eastbound",-73.80800471963833 40.700382424235,40.700382424235,-73.80800471963833,40.700382424235
Court Sq - 23rd St,08/28/1939,POINT (-73.94605470266329 40.747768121414325),E-M,"E-all times, M-weekdays and evenings",-73.94605470266329 40.747768121414325,40.747768121414325,-73.9460547026633,40.747768121414325
67th Ave,12/31/1936,POINT (-73.85286048434907 40.726505475813006),E-M-R,"E-nights, R-all other times, M-weekdays and evenings",-73.85286048434907 40.726505475813006,40.726505475813006,-73.85286048434907,40.726505475813006
Grand Ave - Newtown,12/31/1936,POINT (-73.87722085669182 40.736813418197144),E-M-R,"E-nights, R-all other times, M-weekdays and evenings",-73.87722085669182 40.736813418197144,40.73681341819713,-73.8772208566918,40.73681341819713
Ditmas Ave,03/16/1919,POINT (-73.97817199965161 40.63611866666291),F,F-all times,-73.97817199965161 40.63611866666291,40.63611866666291,-73.97817199965161,40.63611866666291
Classon Ave,07/01/1937,POINT (-73.95999000137212 40.68888900026455),G,G-all times,-73.95999000137212 40.68888900026455,40.68888900026455,-73.95999000137213,40.68888900026455
Broadway,07/01/1937,POINT (-73.95031225606621 40.706126576274166),G,G-all times,-73.95031225606621 40.706126576274166,40.70612657627417,-73.95031225606621,40.70612657627417
Lorimer St,06/30/1924,POINT (-73.95024799996972 40.71407200064717),L,L-all times,-73.95024799996972 40.71407200064717,40.71407200064717,-73.95024799996972,40.71407200064717
Sutter Ave,07/28/1906,POINT (-73.9019160004208 40.66914500061398),L,L-all times,-73.9019160004208 40.66914500061398,40.66914500061397,-73.9019160004208,40.66914500061397
Wilson Ave,07/14/1928,POINT (-73.90395860491864 40.68886654246024),L,L-all times,-73.90395860491864 40.68886654246024,40.68886654246024,-73.90395860491864,40.68886654246024
Halsey St,12/21/1916,POINT (-73.9166388842194 40.686415270704344),J,J-all times,-73.9166388842194 40.686415270704344,40.68641527070434,-73.91663888421941,40.68641527070434
Lorimer St,01/17/1916,POINT (-73.94735499884204 40.703844000042096),J-M,"J-all times, skips weekdays AM westbound, PM eastbound, M-all times exc nights",-73.94735499884204 40.703844000042096,40.703844000042096,-73.94735499884204,40.703844000042096
8th Ave,06/22/1915,POINT (-74.01151599772157 40.634970999647166),N,N-all times,-74.01151599772157 40.634970999647166,40.63497099964717,-74.01151599772157,40.63497099964717
36th Ave,02/01/1917,POINT (-73.929861999118 40.7564420005104),N-W,"N-all times, W part time",-73.929861999118 40.7564420005104,40.7564420005104,-73.929861999118,40.7564420005104
Broadway,02/01/1917,POINT (-73.92582299919906 40.761431998800546),N-W,"N-all times, W part time",-73.92582299919906 40.761431998800546,40.761431998800546,-73.92582299919907,40.761431998800546
Times Sq - 42nd St,01/05/1918,POINT (-73.98676800153976 40.75461199851542),N-Q-R-W,"N,Q-all times, R-all times exc nights, W part time",-73.98676800153976 40.75461199851542,40.75461199851542,-73.98676800153976,40.75461199851542
Grand Central - 42nd St,10/27/1904,POINT (-73.97918899989101 40.75276866674217),S,"S to Times Sq-all times exc nights, closed nights-use 7",-73.97918899989101 40.75276866674217,40.75276866674217,-73.97918899989101,40.75276866674217
Park Pl,06/19/1899,POINT (-73.95762400074634 40.67477166685263),S,S Franklin Av-Fulton St to Prospect Park-all times,-73.95762400074634 40.67477166685263,40.674771666852635,-73.95762400074635,40.674771666852635
111th St,04/29/1956,POINT (-73.83216299845388 40.68433100001238),A-S,"S Euclid Av to Ozone Park-Lefferts Blvd-nights, A-all other times",-73.83216299845388 40.68433100001238,40.684331000012385,-73.83216299845388,40.684331000012385
W 4th St - Washington Sq (Lower),09/10/1932,POINT (-74.00030814755975 40.732254493367876),B-D-F-M,"B,M-weekdays and evenings, D,F-all times",-74.00030814755975 40.732254493367876,40.73225449336788,-74.00030814755975,40.73225449336788
51st St,07/17/1918,POINT (-73.97192000069982 40.75710699989316),4-6-6 Express,"4 nights, 6-all times, 6 Express-weekdays AM southbound, PM northbound",-73.97192000069982 40.75710699989316,40.75710699989315,-73.97192000069981,40.75710699989315
86th St,10/27/1904,POINT (-73.97621799859327 40.78864400073892),1-2,"1-all times, 2-nights",-73.97621799859327 40.78864400073892,40.78864400073892,-73.97621799859327,40.78864400073892
233rd St,03/31/1917,POINT (-73.85736239521543 40.89314324138378),2-5,"2-all times, 5-rush hours AM southbound, PM northbound",-73.85736239521543 40.89314324138378,40.89314324138378,-73.85736239521543,40.89314324138378
66th St - Lincoln Ctr,10/27/1904,POINT (-73.98220899995783 40.77344000052039),1-2,"1-all times, 2-nights",-73.98220899995783 40.77344000052039,40.77344000052039,-73.98220899995783,40.77344000052039
Hunts POINT Ave,01/08/1919,POINT (-73.89054900017344 40.82094799852307),6-6 Express,"6-all times, 6 Express-weekdays AM southbound, PM northbound",-73.89054900017344 40.82094799852307,40.82094799852307,-73.89054900017344,40.82094799852307
Canal St,07/01/1918,POINT (-74.0062770001748 40.72285399778783),1-2,"1-all times, 2-nights",-74.0062770001748 40.72285399778783,40.72285399778783,-74.0062770001748,40.72285399778783
Middletown Rd,12/20/1920,POINT (-73.83632199755944 40.84386300128381),6-6 Express,"6 Express-weekdays AM southbound, PM northbound, 6-all other times",-73.83632199755944 40.84386300128381,40.843863001283815,-73.83632199755944,40.843863001283815
23rd St,10/27/1904,POINT (-73.98659900207888 40.739864000474604),4-6-6 Express,"4 nights, 6-all times, 6 Express-weekdays AM southbound, PM northbound",-73.98659900207888 40.739864000474604,40.73986400047461,-73.98659900207888,40.73986400047461
Court Sq,11/05/1916,POINT (-73.94526400039679 40.74702299889643),7-7 Express,"7-all times, 7 Express-rush hours AM westbound, PM eastbound",-73.94526400039679 40.74702299889643,40.74702299889643,-73.94526400039679,40.74702299889643
59th St - Columbus Circle,10/27/1904,POINT (-73.98192900232715 40.76824700063689),1-2,"1-all times, 2-nights",-73.98192900232715 40.76824700063689,40.76824700063689,-73.98192900232715,40.76824700063689
Hunters Point Ave,02/15/1916,POINT (-73.9489160009391 40.74221599986316),7-7 Express,"7-all times, 7 Express-rush hours AM westbound, PM eastbound",-73.9489160009391 40.74221599986316,40.742215999863156,-73.9489160009391,40.742215999863156
23rd St,07/01/1918,POINT (-73.9956570016487 40.74408099989751),1-2,"1-all times, 2-nights",-73.9956570016487 40.74408099989751,40.744080999897506,-73.99565700164871,40.744080999897506
Houston St,07/01/1918,POINT (-74.00536700180581 40.728251000730204),1-2,"1-all times, 2-nights",-74.00536700180581 40.728251000730204,40.72825100073021,-74.00536700180581,40.72825100073021
104th St,04/29/1956,POINT (-73.83768300060997 40.681711001091195),A-S,"S Euclid Av to Ozone Park-Lefferts Blvd-nights, A-all other times",-73.83768300060997 40.681711001091195,40.6817110010912,-73.83768300060997,40.6817110010912
Broad Channel,06/28/1956,POINT (-73.81583268782963 40.60840218069683),A-S,"A,S to Rockaway Park-all times",-73.81583268782963 40.60840218069683,40.60840218069683,-73.81583268782963,40.60840218069683
Ocean Pkwy,04/22/1917,POINT (-73.96850099975177 40.57631166708091),Q,Q-all times,-73.96850099975177 40.57631166708091,40.57631166708091,-73.96850099975177,40.57631166708091
Vernon Blvd - Jackson Ave,06/22/1915,POINT (-73.95358099875249 40.74262599969749),7-7 Express,"7-all times, 7 Express-rush hours AM westbound, PM eastbound",-73.95358099875249 40.74262599969749,40.742625999697495,-73.95358099875249,40.742625999697495
68th St - Hunter College,07/17/1918,POINT (-73.96387000158042 40.76814100049679),4-6-6 Express,"4 nights, 6-all times, 6 Express-weekdays AM southbound, PM northbound",-73.96387000158042 40.76814100049679,40.76814100049679,-73.96387000158042,40.76814100049679
Queensboro Plz,11/05/1916,POINT (-73.9401635351909 40.750635651014804),7-7 Express-N-W,"7,N-all times, 7 Express-rush hours AM westbound, PM eastbound, W part time",-73.9401635351909 40.750635651014804,40.7506356510148,-73.9401635351909,40.7506356510148
Rockaway Blvd,04/29/1956,POINT (-73.8438529979573 40.680428999588415),A-S,"A-all times, S Euclid Av to Ozone Park-Lefferts Blvd-nights",-73.8438529979573 40.680428999588415,40.680428999588415,-73.8438529979573,40.680428999588415
Union Sq - 14th St,10/27/1904,POINT (-73.98995099881881 40.734673000996125),4-5-6-6 Express,"4,6-all times, 5-all times exc nights, 6 Express-weekdays AM southbound, PM northbound",-73.98995099881881 40.734673000996125,40.73467300099613,-73.98995099881881,40.73467300099613
Bedford - Nostrand Aves,07/01/1937,POINT (-73.95352200064022 40.68962700158444),G,G-all times,-73.95352200064022 40.68962700158444,40.68962700158444,-73.95352200064022,40.68962700158444
15th St - Prospect Park,10/07/1933,POINT (-73.97973580592873 40.66003568810021),F-G,"F,G-all times",-73.97973580592873 40.66003568810021,40.66003568810021,-73.97973580592874,40.66003568810021
7th Ave,10/07/1933,POINT (-73.98025117900944 40.66624469001985),F-G,"F,G-all times",-73.98025117900944 40.66624469001985,40.66624469001985,-73.98025117900944,40.66624469001985
Ft Hamilton Pkwy,10/07/1933,POINT (-73.97577599917474 40.65078166803418),F-G,"F,G-all times",-73.97577599917474 40.65078166803418,40.650781668034185,-73.97577599917474,40.650781668034185
Church Ave,10/07/1933,POINT (-73.97972116229084 40.64427200012998),F-G,"F,G-all times",-73.97972116229084 40.64427200012998,40.64427200012997,-73.97972116229084,40.64427200012997
Beverly Rd,01/01/1907,POINT (-73.96435779623125 40.64390459860419),Q,Q-all times,-73.96435779623125 40.64390459860419,40.64390459860419,-73.96435779623125,40.64390459860419
Church Ave,09/26/1919,POINT (-73.96288246192114 40.65049324646484),B-Q,"B-weekdays and evenings, Q-all times",-73.96288246192114 40.65049324646484,40.65049324646484,-73.96288246192114,40.65049324646484
Newkirk Ave,01/01/1907,POINT (-73.96269486837261 40.63514193733789),B-Q,"B-weekdays and evenings, Q-all times",-73.96269486837261 40.63514193733789,40.63514193733789,-73.96269486837261,40.63514193733789
Parkside Ave,09/26/1919,POINT (-73.96145343987648 40.65507304163716),Q,Q-all times,-73.96145343987648 40.65507304163716,40.65507304163716,-73.96145343987648,40.65507304163716
Grand Army Plaza,10/10/1920,POINT (-73.9709563319228 40.6752946951032),2-3-4,"4-nights, 3-all other times, 2-all times",-73.9709563319228 40.6752946951032,40.675294695103204,-73.97095633192279,40.675294695103204
Atlantic Av - Barclay's Center,05/01/1908,POINT (-73.97754993539385 40.68442016526762),2-3-4-5,"2,4-all times, 3-all times exc nights, 5-weekdays",-73.97754993539385 40.68442016526762,40.68442016526762,-73.97754993539385,40.68442016526762
Rockaway Ave,04/09/1936,POINT (-73.91194599726617 40.678339999883505),A-C,"A-nights, C-all other times",-73.91194599726617 40.678339999883505,40.67833999988351,-73.91194599726617,40.67833999988351
Fulton St,07/01/1937,POINT (-73.97537499833149 40.68711899950771),G,G-all times,-73.97537499833149 40.68711899950771,40.68711899950771,-73.97537499833147,40.68711899950771
Clinton - Washington Aves,07/01/1937,POINT (-73.9667959986695 40.68809400106055),G,G-all times,-73.9667959986695 40.68809400106055,40.68809400106055,-73.9667959986695,40.68809400106055
7th Ave,08/01/1920,POINT (-73.97285279191024 40.67710217983294),B-Q,"B-weekdays and evenings, Q-all times",-73.97285279191024 40.67710217983294,40.677102179832936,-73.97285279191024,40.677102179832936
Atlantic Av - Barclay's Center,08/01/1920,POINT (-73.97678343963167 40.684488323453685),B-Q,"B-weekdays and evenings, Q-all times",-73.97678343963167 40.684488323453685,40.684488323453685,-73.97678343963167,40.684488323453685
Atlantic Av - Barclay's Center,06/22/1915,POINT (-73.97880999956767 40.683665667279435),D-N-Q-R,"D,N-all times, R-all times exc nights",-73.97880999956767 40.683665667279435,40.68366566727944,-73.97880999956767,40.68366566727944
Borough Hall,01/09/1908,POINT (-73.99015100090539 40.692403999991036),4-5,"4-all times, 5-weekdays",-73.99015100090539 40.692403999991036,40.69240399999104,-73.99015100090539,40.69240399999104
Aqueduct Racetrack,06/28/1956,POINT (-73.83591899965162 40.672096999172844),A,"A-to Manhattan only, racing days only",-73.83591899965162 40.672096999172844,40.67209699917285,-73.83591899965162,40.67209699917285
Morris Park,05/15/1941,POINT (-73.86049500117254 40.85436399966426),5,5-all times,-73.86049500117254 40.85436399966426,40.85436399966426,-73.86049500117254,40.85436399966426
Pelham Pkwy,05/15/1941,POINT (-73.85535900043564 40.858984999820116),5,5-all times,-73.85535900043564 40.858984999820116,40.858984999820116,-73.85535900043564,40.858984999820116
Nostrand Ave,04/09/1936,POINT (-73.95042600099683 40.68043800006226),A-C,"A-all times, C-all times exc nights",-73.95042600099683 40.68043800006226,40.68043800006225,-73.95042600099683,40.68043800006225
Nevins St,05/01/1908,POINT (-73.98040679874578 40.68831058019022),2-3-4-5,"2,4-all times, 3-all times exc nights, 5-weekdays",-73.98040679874578 40.68831058019022,40.68831058019022,-73.98040679874579,40.68831058019022
Eastern Pkwy - Bklyn Museum,10/10/1920,POINT (-73.96422203748425 40.67203223545925),2-3-4,"4-nights, 3-all other times, 2-all times",-73.96422203748425 40.67203223545925,40.67203223545925,-73.96422203748425,40.67203223545925
Beverly Rd,08/23/1920,POINT (-73.94884798381702 40.64512351894373),2-5,"2-all times, 5-weekdays",-73.94884798381702 40.64512351894373,40.64512351894373,-73.94884798381702,40.64512351894373
Church Ave,08/23/1920,POINT (-73.94945514035334 40.6508606878022),2-5,"2-all times, 5-weekdays",-73.94945514035334 40.6508606878022,40.65086068780221,-73.94945514035335,40.65086068780221
Newkirk Ave,08/23/1920,POINT (-73.94829990822407 40.63999124275311),2-5,"2-all times, 5-weekdays",-73.94829990822407 40.63999124275311,40.63999124275311,-73.94829990822406,40.63999124275311
Brooklyn College - Flatbush Ave,08/23/1920,POINT (-73.94754120734406 40.63284240700742),2-5,"2-all times, 5-weekdays",-73.94754120734406 40.63284240700742,40.63284240700742,-73.94754120734406,40.63284240700742
Sterling St,08/23/1920,POINT (-73.95072891124937 40.6627729934283),2-5,"2-all times, 5-weekdays",-73.95072891124937 40.6627729934283,40.6627729934283,-73.95072891124937,40.6627729934283
Crown Hts - Utica Ave,08/23/1920,POINT (-73.93293256081851 40.66897831107809),3-4,"3-all times exc nights, 4-all times",-73.93293256081851 40.66897831107809,40.66897831107809,-73.93293256081851,40.66897831107809
Kingston Ave,08/23/1920,POINT (-73.94215978392963 40.66948144864978),3-4,"4-nights, 3-all other times",-73.94215978392963 40.66948144864978,40.66948144864978,-73.94215978392963,40.66948144864978
Nassau Ave,08/19/1933,POINT (-73.95118300016523 40.724479997808274),G,G-all times,-73.95118300016523 40.724479997808274,40.724479997808274,-73.95118300016523,40.724479997808274
Greenpoint Ave,08/19/1933,POINT (-73.95442500146235 40.73126699971465),G,G-all times,-73.95442500146235 40.73126699971465,40.73126699971465,-73.95442500146234,40.73126699971465
Marcy Ave,09/16/1908,POINT (-73.95783200075729 40.708383000017925),J-M-Z,"J-all times, M-all times exc nights, Z-rush hours AM westbound, PM eastbound",-73.95783200075729 40.708383000017925,40.70838300001793,-73.95783200075729,40.70838300001793
Hewes St,01/17/1916,POINT (-73.95348800038457 40.706889998054),J-M,"J-all times, skips weekdays AM westbound, PM eastbound, M-all times exc nights",-73.95348800038457 40.706889998054,40.706889998054,-73.95348800038455,40.706889998054
138th St - Grand Concourse,07/17/1918,POINT (-73.92984899935611 40.81322399958908),4-5,"4-all times, skips rush hours AM southbound, PM northbound, 5-all times exc nights",-73.92984899935611 40.81322399958908,40.81322399958908,-73.92984899935611,40.81322399958908
5th Ave - 53rd St,08/19/1933,POINT (-73.9752485052734 40.76008683231326),E-M,"E-all times, M-weekdays and evenings",-73.9752485052734 40.76008683231326,40.760086832313256,-73.97524850527341,40.760086832313256
Lexington Ave - 53rd St,08/19/1933,POINT (-73.96907237490204 40.75746830782865),E-M,"E-all times, M-weekdays and evenings",-73.96907237490204 40.75746830782865,40.75746830782865,-73.96907237490205,40.75746830782865
28th St,01/05/1918,POINT (-73.98869800128737 40.74545399979951),N-Q-R-W,"N-all times, R-all times exc nights, part time",-73.98869800128737 40.74545399979951,40.74545399979951,-73.98869800128737,40.74545399979951
Herald Sq - 34th St,01/05/1918,POINT (-73.9879368338264 40.74964456009442),N-Q-R-W,"N,Q-all times, R-all times exc nights",-73.9879368338264 40.74964456009442,40.749644560094424,-73.98793683382641,40.749644560094424
1st Ave,06/30/1924,POINT (-73.98168087489128 40.73097497580066),L,L-all times,-73.98168087489128 40.73097497580066,40.730974975800656,-73.98168087489128,40.730974975800656
Times Sq - 42nd St,10/27/1904,POINT (-73.98622899953202 40.755983000570076),S,"S to Grand Central-all times exc nights, closed nights-use 7",-73.98622899953202 40.755983000570076,40.755983000570076,-73.98622899953202,40.755983000570076
Metropolitan Ave,07/01/1937,POINT (-73.9514239994525 40.71277400073426),G,G-all times,-73.9514239994525 40.71277400073426,40.71277400073426,-73.9514239994525,40.71277400073426
Grand St,06/30/1924,POINT (-73.94049699874644 40.71157600064823),L,L-all times,-73.94049699874644 40.71157600064823,40.71157600064823,-73.94049699874644,40.71157600064823
Graham Ave,06/30/1924,POINT (-73.94394399869037 40.714575998363635),L,L-all times,-73.94394399869037 40.714575998363635,40.71457599836364,-73.94394399869037,40.71457599836364
Bedford Ave,06/30/1924,POINT (-73.95666499806525 40.71717399858899),L,L-all times,-73.95666499806525 40.71717399858899,40.71717399858899,-73.95666499806525,40.71717399858899
Montrose Ave,06/10/1924,POINT (-73.93979284713505 40.70739106438455),L,L-all times,-73.93979284713505 40.70739106438455,40.707391064384545,-73.93979284713505,40.707391064384545
Long Island City - Court Sq,08/19/1933,POINT (-73.94381559597835 40.74630503357145),G,G-all times,-73.94381559597835 40.74630503357145,40.74630503357145,-73.94381559597835,40.74630503357145
21st St,08/19/1933,POINT (-73.9495999997552 40.7441286664954),G,G-all times,-73.9495999997552 40.7441286664954,40.7441286664954,-73.94959999975521,40.7441286664954
39th Ave,02/01/1917,POINT (-73.93285137679598 40.75276306140845),N-W,"N-all times, W part time",-73.93285137679598 40.75276306140845,40.75276306140845,-73.932851376796,40.75276306140845
145th St,10/27/1904,POINT (-73.95035999879713 40.82655099962194),1,1-all times,-73.95035999879713 40.82655099962194,40.82655099962194,-73.95035999879713,40.82655099962194
157th St,12/12/1904,POINT (-73.94488999901047 40.8340410001399),1,1-all times,-73.94488999901047 40.8340410001399,40.8340410001399,-73.94488999901047,40.8340410001399
96th St,10/27/1904,POINT (-73.97232299915696 40.79391900121471),1-2-3,"1,2,3-all times",-73.97232299915696 40.79391900121471,40.79391900121471,-73.97232299915696,40.79391900121471
103rd St,10/27/1904,POINT (-73.96837899960818 40.799446000334825),1,1-all times,-73.96837899960818 40.799446000334825,40.79944600033483,-73.96837899960818,40.79944600033483
Central Park North (110th St),12/23/1904,POINT (-73.95182200176913 40.79907499977324),2-3,"2,3-all times",-73.95182200176913 40.79907499977324,40.79907499977324,-73.95182200176912,40.79907499977324
103rd St,09/10/1932,POINT (-73.96137008267617 40.796060739904526),A-B-C,"A-nights, B-weekdays and evenings, C-all times exc nights",-73.96137008267617 40.796060739904526,40.79606073990453,-73.96137008267617,40.79606073990453
72nd St,10/27/1904,POINT (-73.98197000159583 40.77845300068614),1-2-3,"1,2,3-all times",-73.98197000159583 40.77845300068614,40.77845300068614,-73.98197000159583,40.77845300068614
81st St,09/10/1932,POINT (-73.97209794937208 40.78134608418206),A-B-C,"A-nights, B-weekdays and evenings, C-all times exc nights",-73.97209794937208 40.78134608418206,40.78134608418206,-73.97209794937208,40.78134608418206
75th Ave,12/31/1936,POINT (-73.83692369387158 40.71804465348743),E-F,"E-evenings, weekends, nights, F-all times",-73.83692369387158 40.71804465348743,40.71804465348743,-73.83692369387157,40.71804465348743
86th St,09/10/1932,POINT (-73.96882849429672 40.78582304678557),A-B-C,"A-nights, B-weekdays and evenings, C-all times exc nights",-73.96882849429672 40.78582304678557,40.785823046785566,-73.96882849429672,40.785823046785566
Cathedral Pkwy (110th St),10/27/1904,POINT (-73.9668470005456 40.80396699961484),1,1-all times,-73.9668470005456 40.80396699961484,40.80396699961484,-73.9668470005456,40.80396699961484
116th St - Columbia University,10/27/1904,POINT (-73.96410999757751 40.807722001230864),1,1-all times,-73.96410999757751 40.807722001230864,40.80772200123087,-73.96410999757751,40.80772200123087
125th St,12/23/1904,POINT (-73.94549500011411 40.807753999182815),2-3,"2,3-all times",-73.94549500011411 40.807753999182815,40.80775399918281,-73.94549500011411,40.80775399918281
135th St,12/23/1904,POINT (-73.94077000106708 40.8142290003391),2-3,"2,3-all times",-73.94077000106708 40.8142290003391,40.814229000339104,-73.94077000106708,40.814229000339104
116th St,12/23/1904,POINT (-73.94962500096905 40.802097999133004),2-3,"2,3-all times",-73.94962500096905 40.802097999133004,40.80209799913301,-73.94962500096905,40.80209799913301
Tremont Ave,07/01/1933,POINT (-73.90522700122354 40.850409999510234),B-D,"B-rush hours, D-all times",-73.90522700122354 40.850409999510234,40.85040999951024,-73.90522700122355,40.85040999951024
137th St - City College,10/27/1904,POINT (-73.95367600087873 40.82200799968475),1,1-all times,-73.95367600087873 40.82200799968475,40.82200799968475,-73.95367600087873,40.82200799968475
145th St,12/23/1904,POINT (-73.93624499873299 40.82042099969279),3,"3-all times, exit only northbound",-73.93624499873299 40.82042099969279,40.820420999692786,-73.93624499873299,40.820420999692786
176th St,06/02/1917,POINT (-73.91179399884471 40.8484800012369),4,4-all times,-73.91179399884471 40.8484800012369,40.848480001236894,-73.9117939988447,40.848480001236894
Burnside Ave,06/02/1917,POINT (-73.9076840015997 40.85345300155693),4,4-all times,-73.9076840015997 40.85345300155693,40.85345300155693,-73.9076840015997,40.85345300155693
170th St,07/01/1933,POINT (-73.91339999846983 40.83930599964156),B-D,"B-rush hours, D-all times, skips rush hours AM southbound, PM northbound",-73.91339999846983 40.83930599964156,40.83930599964156,-73.91339999846983,40.83930599964156
168th St,04/14/1906,POINT (-73.94013299907257 40.840555999148535),1,1-all times,-73.94013299907257 40.840555999148535,40.84055599914853,-73.94013299907256,40.84055599914853
181st St,05/30/1906,POINT (-73.9335959996056 40.84950499974065),1,1-all times,-73.9335959996056 40.84950499974065,40.849504999740645,-73.9335959996056,40.849504999740645
191st St,01/14/1911,POINT (-73.92941199742039 40.85522500175836),1,1-all times,-73.92941199742039 40.85522500175836,40.85522500175836,-73.92941199742039,40.85522500175836
175th St,09/10/1932,POINT (-73.93970399761596 40.84739100072403),A,A-all times,-73.93970399761596 40.84739100072403,40.84739100072403,-73.93970399761595,40.84739100072403
Beach 44th St,06/28/1956,POINT (-73.77601299999507 40.59294299908617),A,A-all times,-73.77601299999507 40.59294299908617,40.59294299908617,-73.77601299999506,40.59294299908617
Beach 60th St,06/28/1956,POINT (-73.7885219980118 40.59237400121235),A,A-all times,-73.7885219980118 40.59237400121235,40.592374001212356,-73.7885219980118,40.592374001212356
Beach 98th St,06/28/1956,POINT (-73.82052058959523 40.58538569133279),A-S,"A-rush hours AM northbound, PM southbound, S Broad Channel to Rockaway Park-all times",-73.82052058959523 40.58538569133279,40.58538569133279,-73.82052058959523,40.58538569133279
Rockaway Park - Beach 116 St,06/28/1956,POINT (-73.83559008701239 40.580955865573515),A-S,"A-rush hours AM northbound, PM southbound, S to Broad Channel-all times",-73.83559008701239 40.580955865573515,40.58095586557353,-73.83559008701239,40.58095586557353
Beach 36th St,06/28/1956,POINT (-73.76817499939688 40.59539800166876),A,A-all times,-73.76817499939688 40.59539800166876,40.595398001668755,-73.76817499939688,40.595398001668755
Beach 25th St,06/28/1956,POINT (-73.76135299762073 40.60006600105881),A,A-all times,-73.76135299762073 40.60006600105881,40.60006600105881,-73.76135299762073,40.60006600105881
Parsons Blvd,04/24/1937,POINT (-73.80328900021885 40.707571999615695),F,F-all times,-73.80328900021885 40.707571999615695,40.707571999615695,-73.80328900021884,40.707571999615695
169th St,04/24/1937,POINT (-73.79347419927721 40.710517502784),F,F-all times,-73.79347419927721 40.710517502784,40.710517502784,-73.7934741992772,40.710517502784
103rd St - Corona Plaza,04/21/1917,POINT (-73.86269999830412 40.749865000555545),7,7-all times,-73.86269999830412 40.749865000555545,40.74986500055555,-73.86269999830412,40.74986500055555
111th St,10/13/1925,POINT (-73.85533399834884 40.75172999941711),7,7-all times,-73.85533399834884 40.75172999941711,40.75172999941711,-73.85533399834884,40.75172999941711
63rd Dr - Rego Park,12/31/1936,POINT (-73.86161820097203 40.729763972422425),E-M-R,"E-nights, R-all other times, M-weekdays and evenings",-73.86161820097203 40.729763972422425,40.729763972422425,-73.86161820097203,40.729763972422425
Grant Ave,04/29/1956,POINT (-73.86504999877702 40.67704400054478),A-S,"A-all times, S Euclid Av to Ozone Park-Lefferts Blvd-nights",-73.86504999877702 40.67704400054478,40.67704400054478,-73.86504999877702,40.67704400054478
79th St,10/27/1904,POINT (-73.97991700056134 40.78393399959032),1-2,"1-all times, 2-nights",-73.97991700056134 40.78393399959032,40.78393399959032,-73.97991700056134,40.78393399959032
Atlantic Ave,07/28/1906,POINT (-73.9030969995401 40.67534466640805),L,L-all times,-73.9030969995401 40.67534466640805,40.675344666408044,-73.9030969995401,40.675344666408044
Christopher St - Sheridan Sq,07/01/1918,POINT (-74.00290599855235 40.73342200104225),1-2,"1-all times, 2-nights",-74.00290599855235 40.73342200104225,40.73342200104225,-74.00290599855234,40.73342200104225
Ozone Park - Lefferts Blvd,04/29/1956,POINT (-73.82579799906613 40.68595099878361),A-S,"S to Euclid Av-nights, A-all other times",-73.82579799906613 40.68595099878361,40.68595099878361,-73.82579799906613,40.68595099878361
Times Sq - 42nd St,03/14/1927,POINT (-73.98769099825152 40.755477001982506),7-7 Express,"7-all times, 7 Express-rush hours AM westbound, PM eastbound",-73.98769099825152 40.755477001982506,40.755477001982506,-73.98769099825151,40.755477001982506
W 8th St - NY Aquarium,05/30/1917,POINT (-73.97595787413822 40.576033818103646),F-Q,"F,Q-all times",-73.97595787413822 40.576033818103646,40.576033818103646,-73.97595787413822,40.576033818103646
28th St,07/01/1918,POINT (-73.99336500134324 40.74721499918219),1-2,"1-all times, 2-nights",-73.99336500134324 40.74721499918219,40.747214999182184,-73.99336500134324,40.747214999182184
28th St,10/27/1904,POINT (-73.98426400110407 40.743069999259035),4-6-6 Express,"4 nights, 6-all times, 6 Express-weekdays AM southbound, PM northbound",-73.98426400110407 40.743069999259035,40.743069999259035,-73.98426400110407,40.743069999259035
Pelham Bay Park,12/20/1920,POINT (-73.82812100059289 40.85246199951662),6-6 Express,"6 Express-weekdays AM southbound, PM northbound, 6-all other times",-73.82812100059289 40.85246199951662,40.85246199951661,-73.82812100059289,40.85246199951661
Westchester Sq - E Tremont Ave,10/24/1920,POINT (-73.84295199925012 40.839892001013915),6-6 Express,"6 Express-weekdays AM southbound, PM northbound, 6-all other times",-73.84295199925012 40.839892001013915,40.83989200101392,-73.84295199925013,40.83989200101392
18th St,07/01/1918,POINT (-73.99787100060406 40.741039999802105),1-2,"1-all times, 2-nights",-73.99787100060406 40.741039999802105,40.741039999802105,-73.99787100060406,40.741039999802105
Grand Central - 42nd St,06/22/1915,POINT (-73.97604100111508 40.751431000286864),7-7 Express,"7-all times, 7 Express-rush hours AM westbound, PM eastbound",-73.97604100111508 40.751431000286864,40.751431000286864,-73.97604100111508,40.751431000286864
Beach 67th St,06/28/1956,POINT (-73.7969239998421 40.59092700078133),A,A-all times,-73.7969239998421 40.59092700078133,40.59092700078133,-73.7969239998421,40.59092700078133
W 4th St - Washington Sq (Upper),09/10/1932,POINT (-74.00049500225435 40.73233799774325),A-C-E,"A,E-all times, C-all times exc nights",-74.00049500225435 40.73233799774325,40.73233799774325,-74.00049500225434,40.73233799774325
85th St - Forest Pky,05/28/1917,POINT (-73.86008700006875 40.69242699966103),J,J-all times,-73.86008700006875 40.69242699966103,40.69242699966103,-73.86008700006875,40.69242699966103
Woodhaven Blvd,05/28/1917,POINT (-73.85205199740794 40.69370399880105),J-Z,"J-all times, Z-rush hours AM westbound, PM eastbound",-73.85205199740794 40.69370399880105,40.69370399880105,-73.85205199740794,40.69370399880105
111th St,05/28/1917,POINT (-73.83679338454697 40.697114810696476),J,J-all times,-73.83679338454697 40.697114810696476,40.697114810696476,-73.83679338454697,40.697114810696476
121st St,07/03/1918,POINT (-73.82834900017954 40.700481998515315),J-Z,"Z-rush hours AM westbound, PM eastbound, J-all other times",-73.82834900017954 40.700481998515315,40.70048199851532,-73.82834900017954,40.70048199851532
Halsey St,07/14/1928,POINT (-73.90393400118631 40.69551800114878),L,L-all times,-73.90393400118631 40.69551800114878,40.695518001148784,-73.90393400118631,40.695518001148784
Myrtle - Wyckoff Aves,07/14/1928,POINT (-73.9109757182647 40.699471062427136),L,L-all times,-73.9109757182647 40.699471062427136,40.699471062427136,-73.91097571826471,40.699471062427136
New Lots Ave,10/16/1922,POINT (-73.88411070800329 40.6663149325969),3-4,"4-nights, 3-all other times",-73.88411070800329 40.6663149325969,40.6663149325969,-73.8841107080033,40.6663149325969
Van Siclen Ave,11/28/1948,POINT (-73.8903580002471 40.67270999906104),A-C,"A-nights, C-all other times",-73.8903580002471 40.67270999906104,40.67270999906104,-73.89035800024709,40.67270999906104
Cleveland St,05/30/1893,POINT (-73.8851940021643 40.679777998961164),J,J-all times,-73.8851940021643 40.679777998961164,40.67977799896117,-73.8851940021643,40.67977799896117
Livonia Ave,07/28/1906,POINT (-73.90056237226057 40.66405727094644),L,L-all times,-73.90056237226057 40.66405727094644,40.66405727094644,-73.90056237226057,40.66405727094644
Junius St,11/22/1920,POINT (-73.90244864183562 40.66358900181724),3-4,"4-nights, 3-all other times",-73.90244864183562 40.66358900181724,40.66358900181724,-73.90244864183562,40.66358900181724
Rockaway Ave,11/22/1920,POINT (-73.90895833584449 40.66261748815223),3-4,"4-nights, 3-all other times",-73.90895833584449 40.66261748815223,40.66261748815223,-73.90895833584449,40.66261748815223
Canarsie - Rockaway Pkwy,07/28/1906,POINT (-73.90185000017287 40.64665366739528),L,L-all times,-73.90185000017287 40.64665366739528,40.646653667395285,-73.90185000017287,40.646653667395285
E 105th St,07/28/1906,POINT (-73.89954769388724 40.65046878544699),L,L-all times,-73.89954769388724 40.65046878544699,40.65046878544699,-73.89954769388723,40.65046878544699
Saratoga Ave,11/22/1920,POINT (-73.91633025007947 40.6615297898075),3-4,"4-nights, 3-all other times",-73.91633025007947 40.6615297898075,40.6615297898075,-73.91633025007947,40.6615297898075
Sutter Ave - Rutland Road,11/22/1920,POINT (-73.92252118536001 40.66476678877493),3-4,"4-nights, 3-all other times",-73.92252118536001 40.66476678877493,40.66476678877493,-73.92252118536001,40.66476678877493
New Lots Ave,07/28/1906,POINT (-73.89927796057142 40.65891477368527),L,L-all times,-73.89927796057142 40.65891477368527,40.658914773685275,-73.89927796057142,40.658914773685275
Broadway Junction,12/21/1916,POINT (-73.90428999746412 40.67936600147369),J-Z,"J-all times, Z-rush hours AM westbound, PM eastbound",-73.90428999746412 40.67936600147369,40.67936600147369,-73.90428999746412,40.67936600147369
Alabama Ave,12/21/1916,POINT (-73.89852600159652 40.676998000003756),J,J-all times,-73.89852600159652 40.676998000003756,40.676998000003756,-73.89852600159652,40.676998000003756
Shepherd Ave,11/28/1948,POINT (-73.88074999747269 40.6741300014559),A-C,"A-nights, C-all other times",-73.88074999747269 40.6741300014559,40.6741300014559,-73.88074999747269,40.6741300014559
Crescent St,05/30/1893,POINT (-73.87392925215778 40.68315265707736),J-Z,"J-all times, Z-rush hours AM westbound, PM eastbound",-73.87392925215778 40.68315265707736,40.68315265707736,-73.87392925215778,40.68315265707736
Cypress Hills,05/28/1917,POINT (-73.87332199882995 40.689616000838754),J,J-all times,-73.87332199882995 40.689616000838754,40.689616000838754,-73.87332199882995,40.689616000838754
75th St - Eldert Ln,05/28/1917,POINT (-73.86728799944963 40.691290001246735),J-Z,"Z-rush hours AM westbound, PM eastbound, J-all other times",-73.86728799944963 40.691290001246735,40.691290001246735,-73.86728799944963,40.691290001246735
69th St,04/21/1917,POINT (-73.8964029993185 40.746324999410284),7,7-all times,-73.8964029993185 40.746324999410284,40.74632499941029,-73.89640299931851,40.74632499941029
74th St - Broadway,04/21/1917,POINT (-73.8912051289911 40.746867573829114),7,7-all times,-73.8912051289911 40.746867573829114,40.746867573829114,-73.8912051289911,40.746867573829114
Woodhaven Blvd - Queens Mall,12/31/1936,POINT (-73.86943208612348 40.73309737380972),E-M-R,"E-nights, R-all other times, M-weekdays and evenings",-73.86943208612348 40.73309737380972,40.73309737380972,-73.86943208612348,40.73309737380972
Myrtle - Wyckoff Aves,02/22/1915,POINT (-73.91217899939602 40.69945400090837),M,M-all times,-73.91217899939602 40.69945400090837,40.69945400090837,-73.91217899939602,40.69945400090837
Seneca Ave,02/22/1915,POINT (-73.90758199885423 40.70291899894902),M,M-all times,-73.90758199885423 40.70291899894902,40.70291899894902,-73.90758199885424,40.70291899894902
DeKalb Ave,07/14/1928,POINT (-73.91823200219723 40.70369299961644),L,L-all times,-73.91823200219723 40.70369299961644,40.703692999616436,-73.91823200219724,40.703692999616436
52nd St,04/21/1917,POINT (-73.91254899891254 40.744149001021576),7,7-all times,-73.91254899891254 40.744149001021576,40.744149001021576,-73.91254899891254,40.744149001021576
46th St,08/19/1933,POINT (-73.91352174995538 40.756316952608096),E-M-R,"E-nights, R-all other times, M-weekdays and evenings",-73.91352174995538 40.756316952608096,40.756316952608096,-73.91352174995538,40.756316952608096
Northern Blvd,08/19/1933,POINT (-73.90606508052358 40.752824829236076),E-M-R,"E-nights, R-all other times, M-weekdays and evenings",-73.90606508052358 40.752824829236076,40.752824829236076,-73.90606508052358,40.752824829236076
46th St,04/21/1917,POINT (-73.91843500103973 40.74313200060382),7,7-all times,-73.91843500103973 40.74313200060382,40.74313200060382,-73.91843500103974,40.74313200060382
82nd St - Jackson Hts,04/21/1917,POINT (-73.88369700071884 40.747658999559135),7,7-all times,-73.88369700071884 40.747658999559135,40.74765899955913,-73.88369700071884,40.74765899955913
90th St - Elmhurst Av,04/21/1917,POINT (-73.87661299986985 40.74840800060913),7,7-all times,-73.87661299986985 40.74840800060913,40.74840800060913,-73.87661299986985,40.74840800060913
Howard Beach - JFK Airport,06/28/1956,POINT (-73.83030100071032 40.66047600004959),A,A-all times,-73.83030100071032 40.66047600004959,40.6604760000496,-73.83030100071032,40.6604760000496
Aqueduct - North Conduit Av,06/28/1956,POINT (-73.83405799948723 40.668234001699815),A,A-all times,-73.83405799948723 40.668234001699815,40.668234001699815,-73.83405799948724,40.668234001699815
Briarwood - Van Wyck Blvd,04/24/1937,POINT (-73.82069263637443 40.70916181536946),E-F,"E-evenings, weekends, nights, F-all times",-73.82069263637443 40.70916181536946,40.70916181536946,-73.82069263637443,40.70916181536946
Forest Hills - 71st Av,12/31/1936,POINT (-73.84451672012669 40.72159430953587),E-F-M-R,"E,F-all times, M-weekdays and evenings, R-all times exc nights",-73.84451672012669 40.72159430953587,40.72159430953587,-73.84451672012669,40.72159430953587
Sutphin Blvd,04/24/1937,POINT (-73.81083299897232 40.70541799906764),F,F-all times,-73.81083299897232 40.70541799906764,40.70541799906764,-73.81083299897232,40.70541799906764
Jamaica Ctr - Parsons / Archer,12/11/1988,POINT (-73.80109632298924 40.70206737621188),E-J-Z,"E,J-all times, Z-rush hours AM westbound, PM eastbound",-73.80109632298924 40.70206737621188,40.70206737621188,-73.80109632298924,40.70206737621188
225th St,03/31/1917,POINT (-73.86021461772737 40.88802825863786),2-5,"2-all times, 5-rush hours AM southbound, PM northbound",-73.86021461772737 40.88802825863786,40.88802825863786,-73.86021461772738,40.88802825863786
Elder Ave,05/30/1920,POINT (-73.87915899874777 40.82858400108929),6,6-all times,-73.87915899874777 40.82858400108929,40.82858400108929,-73.87915899874777,40.82858400108929
Longwood Ave,01/08/1919,POINT (-73.89643499897414 40.816103999972405),6,6-all times,-73.89643499897414 40.816103999972405,40.816103999972405,-73.89643499897414,40.816103999972405
Astoria Blvd,02/01/1917,POINT (-73.91809500109238 40.77003699949086),N-W,"N-all times, W part time",-73.91809500109238 40.77003699949086,40.770036999490856,-73.91809500109238,40.770036999490856
Astoria - Ditmars Blvd,02/01/1917,POINT (-73.9120340001031 40.775035666523664),N-W,"N-all times, W part time",-73.9120340001031 40.775035666523664,40.775035666523664,-73.91203400010309,40.775035666523664
Jackson Ave,11/26/1904,POINT (-73.9077019387083 40.81643746686396),2-5,"2-all times, 5-all times exc nights, skips rush hours AM southbound, PM northbound",-73.9077019387083 40.81643746686396,40.81643746686396,-73.9077019387083,40.81643746686396
Prospect Ave,11/26/1904,POINT (-73.90177778730917 40.81948726483844),2-5,"2-all times, 5-all times exc nights, skips rush hours AM southbound, PM northbound",-73.90177778730917 40.81948726483844,40.819487264838436,-73.90177778730917,40.819487264838436
Cypress Ave,01/08/1919,POINT (-73.91404199994753 40.8053680007636),6,6-all times,-73.91404199994753 40.8053680007636,40.8053680007636,-73.91404199994753,40.8053680007636
174th St,11/26/1904,POINT (-73.88769359812888 40.837195550170605),2-5,"2-all times, 5-all times exc nights, skips rush hours AM southbound, PM northbound",-73.88769359812888 40.837195550170605,40.837195550170605,-73.88769359812888,40.837195550170605
Allerton Ave,03/03/1917,POINT (-73.86723422851625 40.86548337793927),2-5,"2-all times, 5-rush hours AM southbound, PM northbound",-73.86723422851625 40.86548337793927,40.86548337793927,-73.86723422851625,40.86548337793927
E 143rd St - St Mary's St,01/08/1919,POINT (-73.90765699936489 40.80871900090143),6,6-all times,-73.90765699936489 40.80871900090143,40.808719000901434,-73.90765699936489,40.808719000901434
Kingsbridge Rd,06/02/1917,POINT (-73.89717400101743 40.867760000885795),4,4-all times,-73.89717400101743 40.867760000885795,40.867760000885795,-73.89717400101743,40.867760000885795
Bedford Park Blvd - Lehman College,04/15/1918,POINT (-73.89006400069478 40.87341199980121),4,4-all times,-73.89006400069478 40.87341199980121,40.87341199980121,-73.89006400069478,40.87341199980121
Harlem - 148 St,05/13/1968,POINT (-73.93647000005559 40.82388000080457),3,3-all times,-73.93647000005559 40.82388000080457,40.82388000080457,-73.93647000005559,40.82388000080457
Mt Eden Ave,06/02/1917,POINT (-73.9146849986034 40.84443400092679),4,4-all times,-73.9146849986034 40.84443400092679,40.84443400092679,-73.9146849986034,40.84443400092679
Fordham Rd,07/01/1933,POINT (-73.89774900102401 40.861295998683495),B-D,"B-rush hours, D-all times",-73.89774900102401 40.861295998683495,40.86129599868349,-73.89774900102401,40.86129599868349
170th St,06/02/1917,POINT (-73.91779099745928 40.84007499993004),4,4-all times,-73.91779099745928 40.84007499993004,40.84007499993004,-73.91779099745928,40.84007499993004
Bedford Park Blvd,07/01/1933,POINT (-73.88713799889574 40.87324399861646),B-D,"B-rush hours, D-all times",-73.88713799889574 40.87324399861646,40.87324399861646,-73.88713799889572,40.87324399861646
Marble Hill - 225th St,01/14/1907,POINT (-73.90983099923551 40.87456099941789),1,1-all times,-73.90983099923551 40.87456099941789,40.874560999417895,-73.90983099923551,40.874560999417895
231st St,08/01/1908,POINT (-73.90483400107873 40.87885599817935),1,1-all times,-73.90483400107873 40.87885599817935,40.87885599817935,-73.90483400107873,40.87885599817935
215th St,03/12/1906,POINT (-73.91527899954356 40.86944399946045),1,1-all times,-73.91527899954356 40.86944399946045,40.86944399946045,-73.91527899954356,40.86944399946045
207th St,04/01/1907,POINT (-73.91881900132312 40.864614000525854),1,1-all times,-73.91881900132312 40.864614000525854,40.864614000525854,-73.91881900132313,40.864614000525854
Inwood - 207th St,09/10/1932,POINT (-73.91989900100465 40.86807199999737),A,A-all times,-73.91989900100465 40.86807199999737,40.86807199999737,-73.91989900100465,40.86807199999737
Van Cortlandt Park - 242nd St,08/01/1908,POINT (-73.89858300049647 40.88924800011476),1,1-all times,-73.89858300049647 40.88924800011476,40.889248000114755,-73.89858300049647,40.889248000114755
West Farms Sq - E Tremont Av,11/26/1904,POINT (-73.87996127877184 40.84020763241799),2-5,"2-all times, 5-all times exc nights, skips rush hours AM southbound, PM northbound",-73.87996127877184 40.84020763241799,40.84020763241799,-73.87996127877184,40.84020763241799
219th St,03/03/1917,POINT (-73.8625097078866 40.883887974625274),2-5,"2-all times, 5-rush hours AM southbound, PM northbound",-73.8625097078866 40.883887974625274,40.88388797462528,-73.86250970788659,40.88388797462528
Mosholu Pkwy,04/15/1918,POINT (-73.88465499988732 40.87974999947229),4,4-all times,-73.88465499988732 40.87974999947229,40.87974999947229,-73.88465499988732,40.87974999947229
Norwood - 205th St,07/01/1933,POINT (-73.87885499918691 40.87481100011182),D,D-all times,-73.87885499918691 40.87481100011182,40.87481100011182,-73.87885499918691,40.87481100011182
Burke Ave,03/03/1917,POINT (-73.86705361747603 40.87125880254771),2-5,"2-all times, 5-rush hours AM southbound, PM northbound",-73.86705361747603 40.87125880254771,40.871258802547715,-73.86705361747603,40.871258802547715
Baychester Ave,05/15/1941,POINT (-73.83859099802153 40.87866300037311),5,5-all times,-73.83859099802153 40.87866300037311,40.87866300037311,-73.83859099802153,40.87866300037311
Eastchester - Dyre Ave,05/15/1941,POINT (-73.8308340021742 40.88829999901007),5,5-all times,-73.8308340021742 40.88829999901007,40.88829999901007,-73.8308340021742,40.88829999901007
Jamaica - 179th St,12/10/1950,POINT (-73.78381700176453 40.712645666744045),F,F-all times,-73.78381700176453 40.712645666744045,40.712645666744045,-73.78381700176453,40.712645666744045
Wakefield - 241st St,12/13/1920,POINT (-73.8506199987954 40.903125000541245),2,2-all times,-73.8506199987954 40.903125000541245,40.90312500054125,-73.85061999879541,40.90312500054125
Botanic Garden,09/30/1928,POINT (-73.95924499945693 40.670342666584396),S,S Franklin Av-Fulton St to Prospect Park-all times,-73.95924499945693 40.670342666584396,40.670342666584396,-73.95924499945694,40.670342666584396
Bushwick - Aberdeen,07/14/1928,POINT (-73.90526176305106 40.68286062551184),L,L-all times,-73.90526176305106 40.68286062551184,40.68286062551184,-73.90526176305106,40.68286062551184
Broadway Junction,07/14/1928,POINT (-73.90311757920684 40.67845624842869),L,L-all times,-73.90311757920684 40.67845624842869,40.67845624842869,-73.90311757920685,40.67845624842869
Gun Hill Rd,05/15/1941,POINT (-73.84638400151765 40.86952599962676),5,5-all times,-73.84638400151765 40.86952599962676,40.86952599962675,-73.84638400151766,40.86952599962675
E 180th St,03/03/1917,POINT (-73.87334609510884 40.8418630412186),2-5,"2,5-all times",-73.87334609510884 40.8418630412186,40.8418630412186,-73.87334609510884,40.8418630412186
Dyckman St,03/12/1906,POINT (-73.92553600006474 40.86053100138796),1,1-all times,-73.92553600006474 40.86053100138796,40.86053100138796,-73.92553600006474,40.86053100138796
125th St,10/27/1904,POINT (-73.95837200097044 40.815580999978934),1,1-all times,-73.95837200097044 40.815580999978934,40.81558099997893,-73.95837200097044,40.81558099997893
Franklin Ave - Fulton St,08/15/1896,POINT (-73.95582700110425 40.68059566598263),S,S to Prospect Park-all times,-73.95582700110425 40.68059566598263,40.68059566598263,-73.95582700110425,40.68059566598263
149th St - Grand Concourse,07/10/1905,POINT (-73.92672247438611 40.81833014409742),2-5,"2-all times, 5-all times exc nights",-73.92672247438611 40.81833014409742,40.81833014409742,-73.92672247438611,40.81833014409742
3rd Ave - 149th St,07/10/1905,POINT (-73.91779152760981 40.816029252510006),2-5,"2-all times, 5-all times exc nights",-73.91779152760981 40.816029252510006,40.816029252510006,-73.91779152760982,40.816029252510006
167th St,06/02/1917,POINT (-73.92139999784426 40.83553699933672),4,4-all times,-73.92139999784426 40.83553699933672,40.83553699933672,-73.92139999784426,40.83553699933672
Brook Ave,01/08/1919,POINT (-73.91923999909432 40.80756599987699),6,6-all times,-73.91923999909432 40.80756599987699,40.80756599987699,-73.91923999909432,40.80756599987699
33rd St,04/21/1917,POINT (-73.93099699953838 40.74458699983993),7,7-all times,-73.93099699953838 40.74458699983993,40.74458699983993,-73.93099699953838,40.74458699983993
40th St,04/21/1917,POINT (-73.9240159984882 40.74378100149132),7,7-all times,-73.9240159984882 40.74378100149132,40.74378100149132,-73.9240159984882,40.74378100149132
145th St,09/10/1932,POINT (-73.94408792823116 40.824766360871905),A-B-C-D,"A,D-all times, B-weekdays and evenings, C-all times exc nights",-73.94408792823116 40.824766360871905,40.824766360871905,-73.94408792823116,40.824766360871905
155th St,07/01/1933,POINT (-73.93820899811622 40.8301349999812),B-D,"B-rush hours, D-all times, skips rush hours AM southbound, PM northbound",-73.93820899811622 40.8301349999812,40.830134999981205,-73.93820899811621,40.830134999981205
161st St - Yankee Stadium,07/01/1933,POINT (-73.92565099775477 40.827904998845845),B-D,"B-rush hours, D-all times, skips rush hours AM southbound, PM northbound",-73.92565099775477 40.827904998845845,40.82790499884585,-73.92565099775476,40.82790499884585
Utica Ave,04/09/1936,POINT (-73.93072899914027 40.67936399950546),A-C,"A-all times, C-all times exc nights",-73.93072899914027 40.67936399950546,40.67936399950546,-73.93072899914026,40.67936399950546
Steinway St,08/19/1933,POINT (-73.9205264716827 40.75698735912575),E-M-R,"E-nights, R-all other times, M-weekdays and evenings",-73.9205264716827 40.75698735912575,40.756987359125745,-73.9205264716827,40.756987359125745
Kosciuszko St,12/21/1916,POINT (-73.92850899927413 40.69317200129202),J,J-all times,-73.92850899927413 40.69317200129202,40.69317200129203,-73.92850899927411,40.69317200129203
Gates Ave,12/21/1916,POINT (-73.92215600150752 40.689583999013905),J-Z,"Z-rush hours AM westbound, PM eastbound, J-all other times",-73.92215600150752 40.689583999013905,40.689583999013905,-73.92215600150752,40.689583999013905
Central Ave,07/29/1914,POINT (-73.92724299902838 40.69787300011831),M,M-all times,-73.92724299902838 40.69787300011831,40.697873000118314,-73.92724299902838,40.697873000118314
Knickerbocker Ave,07/01/1918,POINT (-73.91972000188625 40.69866000123805),M,M-all times,-73.91972000188625 40.69866000123805,40.698660001238046,-73.91972000188625,40.698660001238046
30th Ave,02/01/1917,POINT (-73.9214790001739 40.76677866673298),N-W,"N-all times, W part time",-73.9214790001739 40.76677866673298,40.76677866673298,-73.9214790001739,40.76677866673298
Jefferson St,07/14/1928,POINT (-73.9229130000312 40.706606665988716),L,L-all times,-73.9229130000312 40.706606665988716,40.706606665988716,-73.9229130000312,40.706606665988716
Morgan Ave,07/14/1928,POINT (-73.93314700024209 40.70615166680729),L,L-all times,-73.93314700024209 40.70615166680729,40.70615166680729,-73.93314700024209,40.70615166680729
Queens Plz,08/19/1933,POINT (-73.93713823965695 40.74891771986323),E-M-R,"E-all times, M-weekdays and evenings, R-all times exc nights",-73.93713823965695 40.74891771986323,40.74891771986323,-73.93713823965696,40.74891771986323
18th Ave,03/16/1919,POINT (-73.97697099965796 40.62975466638584),F,F-all times,-73.97697099965796 40.62975466638584,40.62975466638584,-73.97697099965795,40.62975466638584
77th St,01/15/1916,POINT (-74.0255099996266 40.629741666886915),R,R-all times,-74.0255099996266 40.629741666886915,40.62974166688692,-74.02550999962659,40.62974166688692
Bay Ridge Ave,01/15/1916,POINT (-74.02337699950728 40.63496666682377),R,R-all times,-74.02337699950728 40.63496666682377,40.63496666682377,-74.02337699950728,40.63496666682377
50th St,06/24/1916,POINT (-73.9946587805514 40.636260890961395),D,D-all times,-73.9946587805514 40.636260890961395,40.6362608909614,-73.9946587805514,40.6362608909614
Ft Hamilton Pkwy,06/22/1915,POINT (-74.00535100046275 40.63138566722445),N,N-all times,-74.00535100046275 40.63138566722445,40.63138566722446,-74.00535100046275,40.63138566722446
25th Ave,06/29/1916,POINT (-73.98682900011477 40.59770366695856),D,D-all times,-73.98682900011477 40.59770366695856,40.59770366695856,-73.98682900011477,40.59770366695856
Bay Pky,06/29/1916,POINT (-73.9936762000529 40.601950461572315),D,D-all times,-73.9936762000529 40.601950461572315,40.601950461572315,-73.9936762000529,40.601950461572315
20th Ave,06/22/1915,POINT (-73.98452199846113 40.617108999866005),N,N-all times,-73.98452199846113 40.617108999866005,40.61710899986601,-73.98452199846112,40.61710899986601
18th Ave,06/22/1915,POINT (-73.99045399865993 40.620686997680025),N,N-all times,-73.99045399865993 40.620686997680025,40.620686997680025,-73.99045399865993,40.620686997680025
Bay Ridge - 95th St,10/31/1925,POINT (-74.03087600085765 40.61662166725951),R,R-all times,-74.03087600085765 40.61662166725951,40.61662166725951,-74.03087600085766,40.61662166725951
86th St,01/15/1916,POINT (-74.0283979999864 40.62268666715025),R,R-all times,-74.0283979999864 40.62268666715025,40.62268666715025,-74.02839799998641,40.62268666715025
79th St,06/24/1916,POINT (-74.00058287431507 40.61315892569516),D,D-all times,-74.00058287431507 40.61315892569516,40.61315892569516,-74.00058287431506,40.61315892569516
71st St,06/24/1916,POINT (-73.99884094850685 40.61925870977273),D,D-all times,-73.99884094850685 40.61925870977273,40.61925870977272,-73.99884094850684,40.61925870977272
20th Ave,06/29/1916,POINT (-73.99817432157568 40.60467699816932),D,D-all times,-73.99817432157568 40.60467699816932,40.604676998169325,-73.99817432157569,40.604676998169325
18th Ave,06/24/1916,POINT (-74.00159259239406 40.60773573171741),D,D-all times,-74.00159259239406 40.60773573171741,40.607735731717405,-74.00159259239406,40.607735731717405
62nd St,06/24/1916,POINT (-73.99685724994863 40.626224462922195),D,D-all times,-73.99685724994863 40.626224462922195,40.6262244629222,-73.99685724994862,40.6262244629222
New Utrecht Ave,06/22/1915,POINT (-73.99635300025969 40.62484166725887),N,N-all times,-73.99635300025969 40.62484166725887,40.62484166725887,-73.99635300025969,40.62484166725887
Ave U,05/10/1919,POINT (-73.97337641974885 40.59592482551748),F,F-all times,-73.97337641974885 40.59592482551748,40.59592482551748,-73.97337641974885,40.59592482551748
Kings Hwy,03/16/1919,POINT (-73.9723553085244 40.603258405128265),F,F-all times,-73.9723553085244 40.603258405128265,40.603258405128265,-73.97235530852441,40.603258405128265
Brighton Beach,04/22/1917,POINT (-73.96135378598797 40.577710196642435),B-Q,"B-weekdays and evenings, Q-all times",-73.96135378598797 40.577710196642435,40.577710196642435,-73.96135378598797,40.577710196642435
Sheepshead Bay,01/01/1907,POINT (-73.95405791257907 40.58654754707536),B-Q,"B-weekdays and evenings, Q-all times",-73.95405791257907 40.58654754707536,40.586547547075355,-73.95405791257906,40.586547547075355
Ave U,01/01/1907,POINT (-73.95581122316301 40.59930895095475),Q,Q-all times,-73.95581122316301 40.59930895095475,40.59930895095475,-73.95581122316301,40.59930895095475
Kings Hwy,01/01/1907,POINT (-73.95760873538083 40.608638645396006),B-Q,"B-weekdays and evenings, Q-all times",-73.95760873538083 40.608638645396006,40.608638645396006,-73.95760873538083,40.608638645396006
Ave U,06/22/1915,POINT (-73.97908400099428 40.597235999920436),N,N-all times,-73.97908400099428 40.597235999920436,40.59723599992044,-73.97908400099428,40.59723599992044
Kings Hwy,06/22/1915,POINT (-73.98037300229343 40.60405899980493),N,N-all times,-73.98037300229343 40.60405899980493,40.604058999804934,-73.98037300229343,40.604058999804934
Neptune Ave,05/01/1920,POINT (-73.97459272818807 40.580738758491464),F,F-all times,-73.97459272818807 40.580738758491464,40.58073875849146,-73.97459272818807,40.58073875849146
Ave X,05/10/1919,POINT (-73.97426599968905 40.589449666625285),F,F-all times,-73.97426599968905 40.589449666625285,40.58944966662529,-73.97426599968904,40.58944966662529
Bay 50th St,07/21/1917,POINT (-73.98376500045946 40.58884066651933),D,D-all times,-73.98376500045946 40.58884066651933,40.588840666519324,-73.98376500045946,40.588840666519324
Gravesend - 86th St,06/22/1915,POINT (-73.97818899936274 40.59246500088859),N,N-all times,-73.97818899936274 40.59246500088859,40.592465000888595,-73.97818899936273,40.592465000888595
Ave P,03/16/1919,POINT (-73.97300281528751 40.608842808949916),F,F-all times,-73.97300281528751 40.608842808949916,40.60884280894992,-73.97300281528751,40.60884280894992
Ave N,03/16/1919,POINT (-73.97404850873143 40.61435671190883),F,F-all times,-73.97404850873143 40.61435671190883,40.614356711908826,-73.97404850873144,40.614356711908826
Bay Pky,03/16/1919,POINT (-73.9752569782215 40.62073162316788),F,F-all times,-73.9752569782215 40.62073162316788,40.620731623167885,-73.97525697822151,40.620731623167885
Ave M,01/01/1907,POINT (-73.9592431052215 40.617397744443736),Q,Q-all times,-73.9592431052215 40.617397744443736,40.617397744443736,-73.9592431052215,40.617397744443736
Bay Pky,06/22/1915,POINT (-73.98178001069293 40.61145578989005),N,N-all times,-73.98178001069293 40.61145578989005,40.611455789890044,-73.98178001069294,40.611455789890044
Ave I,03/16/1919,POINT (-73.97606933170925 40.62501744019143),F,F-all times,-73.97606933170925 40.62501744019143,40.62501744019143,-73.97606933170925,40.62501744019143
Ave J,01/01/1907,POINT (-73.96069316246925 40.625022819915166),Q,Q-all times,-73.96069316246925 40.625022819915166,40.62502281991517,-73.96069316246925,40.62502281991517
Ave H,01/01/1907,POINT (-73.96151793942495 40.62920837758969),Q,Q-all times,-73.96151793942495 40.62920837758969,40.62920837758969,-73.96151793942495,40.62920837758969
Neck Rd,01/01/1907,POINT (-73.95507827493762 40.59532169111695),Q,Q-all times,-73.95507827493762 40.59532169111695,40.59532169111695,-73.95507827493763,40.59532169111695
21st St - Queensbridge,10/29/1989,POINT (-73.94193761457447 40.75373927087553),F,F-all times,-73.94193761457447 40.75373927087553,40.75373927087553,-73.94193761457447,40.75373927087553
50th St,09/10/1932,POINT (-73.98598400026407 40.76245599925997),A-C-E,"A-nights, C-all other times, E-all times",-73.98598400026407 40.76245599925997,40.76245599925997,-73.98598400026407,40.76245599925997
7th Ave,08/19/1933,POINT (-73.98169782344476 40.76297015245628),B-D-E,"D,E-all times, B-weekdays and evenings",-73.98169782344476 40.76297015245628,40.76297015245628,-73.98169782344476,40.76297015245628
47th-50th Sts - Rockefeller Ctr,12/15/1940,POINT (-73.98133100227702 40.75864100159815),B-D-F-M,"B,M-weekdays and evenings, D,F-all times",-73.98133100227702 40.75864100159815,40.75864100159815,-73.98133100227702,40.75864100159815
57th St,07/01/1968,POINT (-73.97736800085171 40.76408500081713),F,F-all times,-73.97736800085171 40.76408500081713,40.76408500081713,-73.97736800085171,40.76408500081713
Lexington Ave - 63rd St,10/29/1989,POINT (-73.96608964413245 40.76461809442373),F-Q,"F-all times, Q all times",-73.96608964413245 40.76461809442373,40.76461809442373,-73.96608964413245,40.76461809442373
Roosevelt Island - Main St,10/29/1989,POINT (-73.95323499978866 40.75917199967108),F,F-all times,-73.95323499978866 40.75917199967108,40.759171999671075,-73.95323499978866,40.759171999671075
59th St - Columbus Circle,09/10/1932,POINT (-73.98164872301398 40.768249531776064),A-B-C-D,"A,D-all times, B-weekdays and evenings, C-all times exc nights",-73.98164872301398 40.768249531776064,40.768249531776064,-73.98164872301399,40.768249531776064
49th St,07/10/1919,POINT (-73.98420956591096 40.759801973870694),N-Q-R-W,"N-all times, Q-all times exc weekends, R-all times exc nights, W part time",-73.98420956591096 40.759801973870694,40.75980197387069,-73.98420956591094,40.75980197387069
57th St,07/10/1919,POINT (-73.98072973372128 40.76456552501829),N-Q-R-W,"N,Q-all times, R-all times exc nights, W part time",-73.98072973372128 40.76456552501829,40.764565525018284,-73.98072973372129,40.764565525018284
5th Ave - 59th St,08/01/1920,POINT (-73.97334700047045 40.764810999755284),N-R-W,"N-all times, R-all times exc nights, W part time",-73.97334700047045 40.764810999755284,40.764810999755284,-73.97334700047045,40.764810999755284
Lexington Ave - 59th St,08/01/1920,POINT (-73.96737501711436 40.762708855394564),N-R-W,"N-all times, R-all times exc nights, W part time",-73.96737501711436 40.762708855394564,40.762708855394564,-73.96737501711436,40.762708855394564
34th St - Penn Station,06/03/1917,POINT (-73.99105699913983 40.75037300003949),1-2-3,"1,2,3-all times",-73.99105699913983 40.75037300003949,40.75037300003949,-73.99105699913983,40.75037300003949
Times Sq - 42nd St,06/03/1917,POINT (-73.98749500051885 40.75528999995681),1-2-3,"1,2,3-all times",-73.98749500051885 40.75528999995681,40.755289999956815,-73.98749500051885,40.755289999956815
Fulton St,02/01/1933,POINT (-74.00762309323994 40.71016216530185),A-C,"A-all times, C-all times exc nights",-74.00762309323994 40.71016216530185,40.71016216530185,-74.00762309323994,40.71016216530185
Chambers St,09/10/1932,POINT (-74.00858473570133 40.714111000774025),A-C,"A-all times, C-all times exc nights",-74.00858473570133 40.714111000774025,40.71411100077402,-74.00858473570133,40.71411100077402
42nd St - Port Authority Bus Term,09/10/1932,POINT (-73.98973500085859 40.757307998551504),A-C-E,"A,E-all times, C-all times exc nights",-73.98973500085859 40.757307998551504,40.757307998551504,-73.98973500085859,40.757307998551504
Myrtle-Willoughby Aves,07/01/1937,POINT (-73.94906699890156 40.69461899903765),G,G-all times,-73.94906699890156 40.69461899903765,40.694618999037644,-73.94906699890156,40.694618999037644
Flushing Ave,07/01/1937,POINT (-73.9502340010257 40.70037666622154),G,G-all times,-73.9502340010257 40.70037666622154,40.70037666622154,-73.9502340010257,40.70037666622154
23rd St,12/15/1940,POINT (-73.99276500471389 40.742954317826005),F-M,"F-all times, M-weekdays and evenings",-73.99276500471389 40.742954317826005,40.74295431782601,-73.99276500471389,40.74295431782601
Herald Sq - 34th St,12/15/1940,POINT (-73.98777189072918 40.74978939990011),B-D-F-M,"B,M-weekdays and evenings, D,F-all times",-73.98777189072918 40.74978939990011,40.74978939990011,-73.98777189072919,40.74978939990011
Hoyt - Schermerhorn Sts,04/09/1936,POINT (-73.98503624034139 40.68840847580642),A-C-G,"A,G-all times, C-all times exc nights",-73.98503624034139 40.68840847580642,40.68840847580642,-73.98503624034139,40.68840847580642
Jay St - MetroTech,02/01/1933,POINT (-73.98721815267317 40.692470636847084),A-C-F,"A,F-all times, C-all times exc nights",-73.98721815267317 40.692470636847084,40.6924706368471,-73.98721815267317,40.6924706368471
East Broadway,04/09/1936,POINT (-73.99017700122197 40.713855001020406),F,F-all times,-73.99017700122197 40.713855001020406,40.713855001020406,-73.99017700122197,40.713855001020406
Delancey St - Essex St,04/09/1936,POINT (-73.98807806807719 40.71868074219453),F,F-all times,-73.98807806807719 40.71868074219453,40.718680742194536,-73.98807806807719,40.718680742194536
Lower East Side - 2nd Ave,01/01/1936,POINT (-73.98993800003434 40.72340166574911),F,F-all times,-73.98993800003434 40.72340166574911,40.72340166574911,-73.98993800003434,40.72340166574911
Flushing Ave,01/17/1916,POINT (-73.94137734838365 40.70040440298112),J-M,"J-all times, skips weekdays AM westbound, PM eastbound, M-all times exc nights",-73.94137734838365 40.70040440298112,40.70040440298112,-73.94137734838365,40.70040440298112
Myrtle Ave,01/17/1916,POINT (-73.9356230012996 40.6971950005145),J-M-Z,"J,M-all times, Z-rush hours AM westbound, PM eastbound",-73.9356230012996 40.6971950005145,40.6971950005145,-73.93562300129959,40.6971950005145
4th Av - 9th St,10/07/1933,POINT (-73.98977899938897 40.67027166728493),F-G,"F,G-all times",-73.98977899938897 40.67027166728493,40.67027166728493,-73.98977899938897,40.67027166728493
Smith - 9th Sts,10/07/1933,POINT (-73.99589172790934 40.67364106090412),F-G,"F,G-all times",-73.99589172790934 40.67364106090412,40.67364106090412,-73.99589172790935,40.67364106090412
Bergen St,03/20/1933,POINT (-73.99075649573565 40.68611054725977),F-G,"F,G-all times",-73.99075649573565 40.68611054725977,40.68611054725977,-73.99075649573565,40.68611054725977
Jay St - MetroTech,08/01/1920,POINT (-73.98605667854612 40.69225539645323),N-R,"N-nights, R-all other times",-73.98605667854612 40.69225539645323,40.69225539645323,-73.98605667854612,40.69225539645323
Court St,08/01/1920,POINT (-73.99181830901125 40.694196480776995),N-R,"N-nights, R-all other times",-73.99181830901125 40.694196480776995,40.694196480777,-73.99181830901125,40.694196480777
Union Sq - 14th St,09/04/1917,POINT (-73.99053886181645 40.73587226699812),N-Q-R-W,"N,Q-all times, R-all times exc nights",-73.99053886181645 40.73587226699812,40.73587226699812,-73.99053886181646,40.73587226699812
23rd St,01/05/1918,POINT (-73.98934400102907 40.74130266729),N-Q-R-W,"N-all times, Q-nights, R-all times exc nights",-73.98934400102907 40.74130266729,40.74130266729,-73.98934400102907,40.74130266729
Prospect Ave,06/22/1915,POINT (-73.99287200067424 40.66541366712979),D-N-R,"D,N-nights, R-all other times",-73.99287200067424 40.66541366712979,40.66541366712979,-73.99287200067424,40.66541366712979
4th Av - 9th St,06/22/1915,POINT (-73.98830199974512 40.670846666842756),D-N-R,"D,N-nights, R-all other times",-73.98830199974512 40.670846666842756,40.670846666842756,-73.98830199974512,40.670846666842756
3rd Ave,06/30/1924,POINT (-73.98575000112093 40.73269099971662),L,L-all times,-73.98575000112093 40.73269099971662,40.73269099971662,-73.98575000112093,40.73269099971662
Union Sq - 14th St,06/30/1924,POINT (-73.99066976901818 40.73476331217923),L,L-all times,-73.99066976901818 40.73476331217923,40.734763312179226,-73.99066976901818,40.734763312179226
Liberty Ave,11/28/1948,POINT (-73.89654800103929 40.67454199987086),A-C,"A-nights, C-all other times",-73.89654800103929 40.67454199987086,40.67454199987086,-73.89654800103929,40.67454199987086
Broadway Junction,12/30/1946,POINT (-73.90531600055341 40.67833366608023),A-C,"A-all times, C-all times exc nights",-73.90531600055341 40.67833366608023,40.67833366608023,-73.90531600055341,40.67833366608023
59th St,06/22/1915,POINT (-74.01788099953987 40.6413616662838),N-R,"N,R-all times",-74.01788099953987 40.6413616662838,40.6413616662838,-74.01788099953987,40.6413616662838
45th St,06/22/1915,POINT (-74.01000600074939 40.648938666612814),N-R,"N-nights, R-all times, skips nights northbound",-74.01000600074939 40.648938666612814,40.648938666612814,-74.01000600074939,40.648938666612814
36th St,06/22/1915,POINT (-74.00354899951809 40.65514366633887),D-N-R,"D,N,R-all times",-74.00354899951809 40.65514366633887,40.655143666338866,-74.00354899951809,40.655143666338866
9th Ave,06/24/1916,POINT (-73.99444874451204 40.64648407726636),D,D-all times,-73.99444874451204 40.64648407726636,40.64648407726636,-73.99444874451204,40.64648407726636
53rd St,06/22/1915,POINT (-74.01403399986317 40.64506866735981),N-R,"N-nights, R-all times, skips nights northbound",-74.01403399986317 40.64506866735981,40.645068667359816,-74.01403399986317,40.645068667359816
Ft Hamilton Pkwy,06/24/1916,POINT (-73.9942022375285 40.640912711444656),D,D-all times,-73.9942022375285 40.640912711444656,40.640912711444656,-73.9942022375285,40.640912711444656
25th St,06/22/1915,POINT (-73.99809099974297 40.66039666692321),D-N-R,"D,N-nights, R-all other times",-73.99809099974297 40.66039666692321,40.66039666692321,-73.99809099974297,40.66039666692321
Carroll St,10/07/1933,POINT (-73.99494697998841 40.68027335170176),F-G,"F,G-all times",-73.99494697998841 40.68027335170176,40.68027335170176,-73.9949469799884,40.68027335170176
Spring St,09/10/1932,POINT (-74.00373899843763 40.72622700129312),A-C-E,"A-nights, C-all other times, E-all times",-74.00373899843763 40.72622700129312,40.72622700129312,-74.00373899843763,40.72622700129312
181st St,09/10/1932,POINT (-73.93796900205011 40.851694999744616),A,A-all times,-73.93796900205011 40.851694999744616,40.851694999744616,-73.93796900205011,40.851694999744616
190th St,09/10/1932,POINT (-73.93417999964333 40.85902199892482),A,A-all times,-73.93417999964333 40.85902199892482,40.85902199892482,-73.93417999964332,40.85902199892482
116th St,09/10/1932,POINT (-73.95479778057312 40.80505813344211),A-B-C,"A-nights, B-weekdays and evenings, C-all times exc nights",-73.95479778057312 40.80505813344211,40.80505813344211,-73.95479778057313,40.80505813344211
125th St,09/10/1932,POINT (-73.95224799734774 40.811071672994565),A-B-C-D,"A,D-all times, B-weekdays and evenings, C-all times exc nights",-73.95224799734774 40.811071672994565,40.81107167299457,-73.95224799734774,40.81107167299457
Prince St,09/04/1917,POINT (-73.99770200045987 40.72432866597571),N-Q-R-W,"N-all times, Q-nights, R-all times exc nights",-73.99770200045987 40.72432866597571,40.72432866597571,-73.99770200045987,40.72432866597571
8th St - NYU,09/04/1917,POINT (-73.99250799849149 40.73046499853991),N-Q-R-W,"N-all times, Q-nights, R-all times exc nights",-73.99250799849149 40.73046499853991,40.73046499853991,-73.99250799849149,40.73046499853991
Fulton St,07/01/1918,POINT (-74.00657099970202 40.70941599925865),2-3,"2-all times, 3-all times exc nights",-74.00657099970202 40.70941599925865,40.709415999258646,-74.00657099970202,40.709415999258646
Park Pl,07/01/1918,POINT (-74.00881099997359 40.713050999077694),2-3,"2-all times, 3-all times exc nights",-74.00881099997359 40.713050999077694,40.713050999077694,-74.00881099997359,40.713050999077694
Chambers St,07/01/1918,POINT (-74.00926600170112 40.71547800011327),1-2-3,"1,2-all times, 3-all times exc nights",-74.00926600170112 40.71547800011327,40.71547800011327,-74.00926600170112,40.71547800011327
Hoyt St,05/01/1908,POINT (-73.98506379575646 40.69054418535472),2-3,"2-all times, 3-all times exc nights",-73.98506379575646 40.69054418535472,40.69054418535472,-73.98506379575646,40.69054418535472
Borough Hall,04/15/1919,POINT (-73.98999799960687 40.693218999611084),2-3,"2-all times, 3-all times exc nights",-73.98999799960687 40.693218999611084,40.69321899961109,-73.98999799960687,40.69321899961109
183rd St,06/02/1917,POINT (-73.90387900151532 40.85840700040842),4,4-all times,-73.90387900151532 40.85840700040842,40.85840700040842,-73.9038790015153,40.85840700040842
Fordham Rd,06/02/1917,POINT (-73.90103399921699 40.86280299988937),4,4-all times,-73.90103399921699 40.86280299988937,40.86280299988937,-73.90103399921699,40.86280299988937
World Trade Center,09/10/1932,POINT (-74.00974461517701 40.71256392680817),E,E-all times,-74.00974461517701 40.71256392680817,40.71256392680817,-74.00974461517701,40.71256392680817
Canal St - Holland Tunnel,09/10/1932,POINT (-74.0052290023424 40.72082400007119),A-C-E,"A,E-all times, C-all times exc nights",-74.0052290023424 40.72082400007119,40.72082400007119,-74.0052290023424,40.72082400007119
155th St,09/10/1932,POINT (-73.94151400082208 40.83051799929251),A-C,"A-nights, C-all other times",-73.94151400082208 40.83051799929251,40.83051799929251,-73.94151400082208,40.83051799929251
163rd St - Amsterdam Av,09/10/1932,POINT (-73.93989200188344 40.83601299923096),A-C,"A-nights, C-all other times",-73.93989200188344 40.83601299923096,40.83601299923096,-73.93989200188344,40.83601299923096
Fulton St,05/30/1931,POINT (-74.00793800110387 40.71002266658424),J-Z,"J-all times, Z-rush hours AM westbound, PM eastbound",-74.00793800110387 40.71002266658424,40.710022666584244,-74.00793800110388,40.710022666584244
Chambers St,08/04/1913,POINT (-74.00340673031336 40.71323378962671),J-Z,"J-all times, Z-rush hours AM westbound, PM eastbound",-74.00340673031336 40.71323378962671,40.71323378962671,-74.00340673031336,40.71323378962671
Canal St,08/04/1913,POINT (-73.99982638545937 40.71817387697391),J-Z,"J-all times, Z-rush hours AM westbound, PM eastbound",-73.99982638545937 40.71817387697391,40.71817387697391,-73.99982638545937,40.71817387697391
City Hall,01/05/1918,POINT (-74.00698581780337 40.71327233111697),R-W,"N-nights, R-all other times",-74.00698581780337 40.71327233111697,40.71327233111697,-74.00698581780337,40.71327233111697
Canal St,01/05/1918,POINT (-74.0018260000577 40.71946500105898),R-W,"N-nights, R-all other times",-74.0018260000577 40.71946500105898,40.71946500105897,-74.0018260000577,40.71946500105897
South Ferry,03/16/2009,POINT (-74.01316895919258 40.701730507574474),1,1-all times,-74.01316895919258 40.701730507574474,40.701730507574474,-74.01316895919258,40.701730507574474
Bowling Green,07/10/1905,POINT (-74.01400799803432 40.70491399928076),4-5,"4-all times, 5-all times exc nights",-74.01400799803432 40.70491399928076,40.704913999280755,-74.01400799803432,40.704913999280755
Wall St,06/12/1905,POINT (-74.01186199860112 40.70755700086603),4-5,"4-all times, 5-weekdays",-74.01186199860112 40.70755700086603,40.70755700086603,-74.01186199860112,40.70755700086603
Whitehall St,01/05/1918,POINT (-74.0130072374272 40.703142373599135),R-W,"N-nights, R-all other times",-74.0130072374272 40.703142373599135,40.703142373599135,-74.0130072374272,40.703142373599135
Rector St,01/05/1918,POINT (-74.01297456253795 40.707744756294474),R-W,"N-nights, R-all other times",-74.01297456253795 40.707744756294474,40.707744756294474,-74.01297456253796,40.707744756294474
Fresh Pond Rd,02/22/1915,POINT (-73.8958980017196 40.70622599823048),M,M-all times,-73.8958980017196 40.70622599823048,40.70622599823048,-73.89589800171959,40.70622599823048
Middle Village - Metropolitan Ave,02/22/1915,POINT (-73.88957722978091 40.711431305058255),M,M-all times,-73.88957722978091 40.711431305058255,40.71143130505826,-73.8895772297809,40.71143130505826
Rector St,07/01/1918,POINT (-74.01378300119742 40.707512999521775),1,1-all times,-74.01378300119742 40.707512999521775,40.707512999521775,-74.01378300119742,40.707512999521775
Cortlandt St,07/01/1918,POINT (-74.01218800112292 40.7118350008202),1,Temporarily closed,-74.01218800112292 40.7118350008202,40.7118350008202,-74.01218800112292,40.7118350008202
Fulton St,01/16/1905,POINT (-74.00950899856461 40.710367998822136),4-5,"4-all times, 5-weekdays",-74.00950899856461 40.710367998822136,40.71036799882213,-74.00950899856461,40.71036799882213
Broad St,05/30/1931,POINT (-74.01105599991755 40.706476001106005),J-Z,"J-all times, Z-rush hours AM westbound, PM eastbound",-74.01105599991755 40.706476001106005,40.70647600110601,-74.01105599991755,40.70647600110601
Cortlandt St,01/05/1918,POINT (-74.01113196473266 40.7105129841524),R-W,"N-nights, R-all other times",-74.01113196473266 40.7105129841524,40.710512984152395,-74.01113196473266,40.710512984152395
Wall St,07/01/1918,POINT (-74.00909999844257 40.706820999753376),2-3,"2-all times, 3-all times exc nights",-74.00909999844257 40.706820999753376,40.706820999753376,-74.00909999844257,40.706820999753376
Dyckman St,09/10/1932,POINT (-73.92727099960726 40.865490998968916),A,A-all times,-73.92727099960726 40.865490998968916,40.86549099896892,-73.92727099960727,40.86549099896892
Grand St,12/26/1967,POINT (-73.99375299913589 40.71826699954992),B-D,"B-weekdays and evenings, D-all times",-73.99375299913589 40.71826699954992,40.718266999549925,-73.99375299913589,40.718266999549925
Broadway - Lafayette St,01/01/1936,POINT (-73.99620399876055 40.725296998738045),B-D-F-M,"B,M-weekdays and evenings, D,F-all times",-73.99620399876055 40.725296998738045,40.725296998738045,-73.99620399876055,40.725296998738045
Bowery,08/04/1913,POINT (-73.99380690654237 40.720246883147254),J-Z,"J-all times, Z-rush hours AM westbound, PM eastbound",-73.99380690654237 40.720246883147254,40.72024688314725,-73.99380690654237,40.72024688314725
Canal St,09/04/1917,POINT (-74.00105471306033 40.718814263587134),N-Q,"N-all times, Q-weekdays and evenings",-74.00105471306033 40.718814263587134,40.718814263587134,-74.00105471306033,40.718814263587134
23rd St,09/10/1932,POINT (-73.99804100117201 40.74590599939995),A-C-E,"A-nights, C-all other times, E-all times",-73.99804100117201 40.74590599939995,40.74590599939995,-73.99804100117201,40.74590599939995
34th St - Penn Station,09/10/1932,POINT (-73.99339099970578 40.752287000775894),A-C-E,"A,E-all times, C-all times exc nights",-73.99339099970578 40.752287000775894,40.75228700077589,-73.99339099970578,40.75228700077589
Jackson Hts - Roosevelt Av,08/19/1933,POINT (-73.89129866519697 40.74653969115889),E-F-M-R,"E,F-all times, M-weekdays and evenings, R-all times exc nights",-73.89129866519697 40.74653969115889,40.746539691158894,-73.89129866519697,40.746539691158894
14th St,07/01/1918,POINT (-74.00020100063497 40.737825999728116),1-2-3,"1,2-all times, 3-all times exc nights",-74.00020100063497 40.737825999728116,40.737825999728116,-74.00020100063496,40.737825999728116
135th St,09/10/1932,POINT (-73.94753480879213 40.817905559212676),A-B-C,"A-nights, B-weekdays and evenings, C-all times exc nights",-73.94753480879213 40.817905559212676,40.81790555921268,-73.94753480879213,40.81790555921268
14th St,12/15/1940,POINT (-73.99620899921355 40.73822799969515),F-M,"F-all times, M-weekdays and evenings",-73.99620899921355 40.73822799969515,40.73822799969515,-73.99620899921354,40.73822799969515
6th Ave,06/30/1924,POINT (-73.99775078874781 40.73774146981052),L,L-all times,-73.99775078874781 40.73774146981052,40.73774146981052,-73.99775078874782,40.73774146981052
8th Ave,05/30/1931,POINT (-74.00257800104762 40.73977666638199),L,L-all times,-74.00257800104762 40.73977666638199,40.73977666638199,-74.00257800104762,40.73977666638199
14th St,09/10/1932,POINT (-74.00168999937027 40.740893000193296),A-C-E,"A,E-all times, C-all times exc nights",-74.00168999937027 40.740893000193296,40.740893000193296,-74.00168999937027,40.740893000193296
Nostrand Ave,08/23/1920,POINT (-73.9504262489579 40.66993815093054),3-4,"4-nights, 3-all other times",-73.9504262489579 40.66993815093054,40.66993815093054,-73.95042624895791,40.66993815093054
Clark St,04/15/1919,POINT (-73.99308599821961 40.69746599996469),2-3,"2-all times, 3-all times exc nights",-73.99308599821961 40.69746599996469,40.697465999964685,-73.99308599821961,40.697465999964685
Franklin Ave,04/09/1936,POINT (-73.95684800014614 40.68137966658742),A-C,"A-nights, C-all other times",-73.95684800014614 40.68137966658742,40.68137966658742,-73.95684800014614,40.68137966658742
Clinton - Washington Aves,04/09/1936,POINT (-73.96583799857275 40.68326299912644),A-C,"A-nights, C-all other times",-73.96583799857275 40.68326299912644,40.68326299912644,-73.96583799857275,40.68326299912644
Forest Ave,02/22/1915,POINT (-73.90307500005954 40.70441200087814),M,M-all times,-73.90307500005954 40.70441200087814,40.704412000878136,-73.90307500005954,40.704412000878136
110th St,07/17/1918,POINT (-73.94424999687163 40.795020000113105),4-6-6 Express,"4 nights, 6-all times, 6 Express-weekdays AM southbound, PM northbound",-73.94424999687163 40.795020000113105,40.79502000011311,-73.94424999687162,40.79502000011311
86th St,07/17/1918,POINT (-73.95558899985132 40.77949199820952),4-5-6-6 Express,"4,6-all times, 5-all times exc nights, 6 Express-weekdays AM southbound, PM northbound",-73.95558899985132 40.77949199820952,40.77949199820952,-73.95558899985132,40.77949199820952
York St,04/09/1936,POINT (-73.98688499993673 40.699742667691574),F,F-all times,-73.98688499993673 40.699742667691574,40.69974266769157,-73.98688499993673,40.69974266769157
High St,02/01/1933,POINT (-73.99053100065458 40.69933699977884),A-C,"A-all times, C-all times exc nights",-73.99053100065458 40.69933699977884,40.69933699977884,-73.99053100065457,40.69933699977884
Lafayette Ave,04/09/1936,POINT (-73.97394599849406 40.68611300020567),A-C,"A-nights, C-all other times",-73.97394599849406 40.68611300020567,40.68611300020567,-73.97394599849406,40.68611300020567
President St,08/23/1920,POINT (-73.95058920022207 40.667883603536815),2-5,"2-all times, 5 weekdays",-73.95058920022207 40.667883603536815,40.66788360353681,-73.95058920022207,40.66788360353681
Woodlawn,04/15/1918,POINT (-73.87875099990931 40.886037000253324),4,4-all times,-73.87875099990931 40.886037000253324,40.88603700025333,-73.87875099990931,40.88603700025333
Bleecker St,10/27/1904,POINT (-73.99465900006331 40.72591466682659),4-6-6 Express,"4 nights, 6-all times, 6 Express-weekdays PM",-73.99465900006331 40.72591466682659,40.72591466682659,-73.99465900006331,40.72591466682659
103rd St,07/17/1918,POINT (-73.94747800152219 40.79060000008452),4-6-6 Express,"4 nights, 6-all times, 6 Express-weekdays AM southbound, PM northbound",-73.94747800152219 40.79060000008452,40.790600000084524,-73.94747800152219,40.790600000084524
Euclid Ave,11/28/1948,POINT (-73.87210600099675 40.675376998239365),A-C-S,"S to Ozone Park-Lefferts Blvd-nights, C-all other times, A-all times",-73.87210600099675 40.675376998239365,40.67537699823937,-73.87210600099675,40.67537699823937
88th St,04/29/1956,POINT (-73.85147000026086 40.67984300135503),A-S,"A-all times, S Euclid Av to Ozone Park-Lefferts Blvd-nights",-73.85147000026086 40.67984300135503,40.67984300135503,-73.85147000026086,40.67984300135503
Cortelyou Rd,01/01/1907,POINT (-73.96379005505493 40.6409401651401),Q,Q-all times,-73.96379005505493 40.6409401651401,40.6409401651401,-73.96379005505494,40.6409401651401
116th St,07/17/1918,POINT (-73.9416169983714 40.7986290002001),4-6-6 Express,"4 nights, 6-all times, 6 Express-weekdays AM southbound, PM northbound",-73.9416169983714 40.7986290002001,40.7986290002001,-73.94161699837142,40.7986290002001
Parkchester,05/30/1920,POINT (-73.86081600108396 40.83322599927859),6-6 Express,"6-all times, 6 Express-weekdays AM southbound, PM northbound",-73.86081600108396 40.83322599927859,40.833225999278596,-73.86081600108396,40.833225999278596
Franklin St,07/01/1918,POINT (-74.00688600277107 40.719318001302135),1-2,"1-all times, 2-nights",-74.00688600277107 40.719318001302135,40.719318001302135,-74.00688600277107,40.719318001302135
80th St,04/29/1956,POINT (-73.85899200206335 40.67937100115432),A-S,"A-all times, S Euclid Av to Ozone Park-Lefferts Blvd-nights",-73.85899200206335 40.67937100115432,40.67937100115432,-73.85899200206335,40.67937100115432
5th Ave - Bryant Pk,03/22/1926,POINT (-73.98196299856706 40.75382100064824),7-7 Express,"7-all times, 7 Express-rush hours AM westbound, PM eastbound",-73.98196299856706 40.75382100064824,40.753821000648244,-73.98196299856707,40.753821000648244
Spring St,10/27/1904,POINT (-73.99714100006673 40.72230099999366),4-6-6 Express,"4 nights, 6-all times, 6 Express-weekdays AM southbound, PM northbound",-73.99714100006673 40.72230099999366,40.72230099999366,-73.99714100006673,40.72230099999366
125th St,07/17/1918,POINT (-73.93759400055725 40.804138000587244),4-5-6-6 Express,"4,6-all times, 5-all times exc nights, 6 Express-weekdays AM southbound, PM northbound",-73.93759400055725 40.804138000587244,40.80413800058725,-73.93759400055725,40.80413800058725
Coney Island - Stillwell Av,06/22/1915,POINT (-73.9812359981396 40.57728100006751),D-F-N-Q,"D,F,N,Q-all times",-73.9812359981396 40.57728100006751,40.57728100006751,-73.9812359981396,40.57728100006751
34th St - Hudson Yards,09/13/2015,POINT (-74.00219709442206 40.75544635961596),7-7 Express,"7-all times, 7 Express-rush hours AM westbound, PM eastbound",-74.00219709442206 40.75544635961596,40.75544635961596,-74.00219709442206,40.75544635961596
72nd St,01/01/2017,POINT (-73.95836178682246 40.76880251014895),Q,Q-all times,-73.95836178682246 40.76880251014895,40.76880251014895,-73.95836178682245,40.76880251014895
86th St,01/01/2017,POINT (-73.95177090964917 40.77786104333163),Q,Q-all times,-73.95177090964917 40.77786104333163,40.77786104333163,-73.95177090964917,40.77786104333163
96th St,01/01/2017,POINT (-73.9470660219183 40.784236650177654),Q,Q-all times,-73.9470660219183 40.784236650177654,40.784236650177654,-73.9470660219183,40.784236650177654
